日付,活動区分,ｱｸﾃｨﾋﾞﾃｨ,タイトル,"記録
リンク",GPSログ,主な訪問地,都道府県,補足,"距離
[km]",獲得標高 [m],"走行・歩行
時間",車種,メーカー,モデル
2005-01-02,🚲,サイクリング,多摩川,,,阿蘇神社,東京,,70,,,MTB,GARY FISHER,Ziggurat
2005-01-04,🚲,サイクリング,多摩川,,,阿蘇神社,東京,,70,,,ロード,LOOK,KG461
2005-02-27,🚲,サイクリング,都内、多摩川,,,皇居、羽田の鳥居,東京,,120,,,ロード,LOOK,KG461
2005-03-12,🚲,サイクリング,奥多摩周遊道路,,,都民の森[1000m]、奥多摩周遊道路,東京,奥多摩周遊,150,"1,245",,ロード,LOOK,KG461
2005-03-20,🚲,サイクリング,奥多摩周遊道路,,,都民の森[1000m]、風張峠[1143m],東京,奥多摩周遊,130,"1,100",,ロード,LOOK,KG461
2005-03-21,🚲,サイクリング,都内,,,皇居、秋葉原,東京,,70,,,MTB,GARY FISHER,Ziggurat
2005-03-27,🚲,サイクリング,奥多摩駅、多摩川,,,奥多摩駅、阿蘇神社,東京,,100,,,ロード,LOOK,KG461
2005-04-09,🚲,サイクリング,野川、多摩川,,,野川、深大寺、多摩川,東京,🌸,80,,,ロード,LOOK,KG461
2005-04-10,🚲,サイクリング,多摩散策,,,殿ヶ谷戸庭園、国分寺跡、貫井神社、滄浪泉園、野川の桜,東京,🌸,20,,,MTB,GARY FISHER,Ziggurat
2005-04-11,🚲,サイクリング,奥多摩周遊道路,,,都民の森[1000m]、風張峠[1143m],東京,奥多摩周遊,130,"1,245",,ロード,LOOK,KG461
2005-04-17,🚲,サイクリング,石和から柳沢峠経由で多摩,,,柳沢峠[1472m]、奥多摩湖,東京、山梨,,150,"1,800",,ロード,LOOK,KG461
2005-04-23,🚲,サイクリング,都内,,,靖国神社、ゼロ戦,東京,,70,,,MTB,GARY FISHER,Ziggurat
2005-04-24,🚲,サイクリング,多摩川,,,阿蘇神社,東京,🌷,50,,,ロード,LOOK,KG461
2005-04-30,🚲,サイクリング,松本,,,松本城,長野,,15,,,ロード,LOOK,KG461
2005-05-01,🚲,サイクリング,甲州街道-松本から石和,,,甲州街道,宮崎,,110,,,ロード,LOOK,KG461
2005-05-02,🚲,サイクリング,京都-新幹線輪行,,,北野天満宮、金閣寺、広隆寺,京都,,30,,,MTB,GARY FISHER,Ziggurat
2005-05-03,🚲,サイクリング,琵琶湖-京都から米原,,,琵琶湖、彦根城,京都、滋賀,,110,,,MTB,GARY FISHER,Ziggurat
2005-05-04,🚲,サイクリング,上田砥石城＆真田氏館,,,上田砥石城、真田氏館,長野,,30,,,ロード,LOOK,KG461
2005-05-05,🚲,サイクリング,真田散策,,,松代城、真田邸、象山神社、川中島古戦場,長野,,50,,,ロード,LOOK,KG461
2005-05-08,🚲,サイクリング,多摩川,,,丸子橋,東京,,60,,,ロード,LOOK,KG461
2005-05-15,🚲,サイクリング,多摩川,,,第二京浜,東京,,80,,,ロード,LOOK,KG461
2005-05-22,🚲,サイクリング,奥多摩周遊道路,,,都民の森[1000m]、奥多摩周遊道路,東京,奥多摩周遊,150,"1,245",,ロード,LOOK,KG461
2005-05-29,🚲,サイクリング,小菅村,,,小菅村、奥多摩湖、多摩川,東京、山梨,,150,,,ロード,LOOK,KG461
2005-06-05,🚲,サイクリング,多摩川,,,阿蘇神社,東京,,70,,,ロード,LOOK,KG461
2005-06-12,🚲,サイクリング,塩山から大弛峠,,,大弛峠[2360m],山梨,,82,,,ロード,LOOK,KG461
2005-07-03,🚲,サイクリング,国分寺散策,,,お鷹の道、国分寺跡、お鷹の道、貫井神社、滄浪泉園,山口,,,,,MTB,GARY FISHER,Ziggurat
2005-07-10,🚲,サイクリング,奥多摩湖、多摩川,,,都民の森[1000m]、奥多摩周遊道路、阿蘇神社、多摩川,東京,,140,,,ロード,LOOK,KG461
2005-07-17,🚲,サイクリング,白樺湖、美ヶ原,,,白樺湖、美ヶ原[1966m],長野,,106,"2,259",,ロード,LOOK,KG461
2005-07-23,🚲,サイクリング,江の島、阿蘇神社,,,境川、江の島、阿蘇神社,東京、神奈川,,184,,,ロード,LOOK,KG461
2005-07-24,🚲,サイクリング,浅川、相模湖,,,浅川、高尾山口、相模湖、大垂水峠[392m],東京,,99,689,,MTB,GARY FISHER,Ziggurat
2005-07-31,🚲,サイクリング,奥多摩周遊道路,,,都民の森[1000m]、風張峠[1143m],東京,奥多摩周遊,137,"1,245",,ロード,LOOK,KG461
2005-08-14,🚲,サイクリング,杉並区郷土博物館、和田堀公園,,,杉並区郷土博物館、和田堀公園,東京,,35,,,ロード,LOOK,KG461
2005-08-17,🚲,サイクリング,清里から多摩,,,八ヶ岳高原ﾗｲﾝ[1486m]、ぶどう峠[1485m]、士賀坂峠[674m]、山伏峠[621m],東京、群馬、山梨、長野,,215,"2,918",,ロード,LOOK,KG461
2005-08-21,🚲,サイクリング,横田基地フレンドシップデー,,,横田基地 航空機展示,島根、山口,,30,,,MTB,GARY FISHER,Ziggurat
2005-08-28,🚲,サイクリング,日野／土方歳三資料館＆高幡不動,,,土方歳三資料館、高幡不動,東京,,45,,,ロード,LOOK,KG461
2005-09-04,🚲,サイクリング,山中湖方面,,,道志、山伏峠[1086m]、山中湖、忍野八海、河口湖,東京、神奈川、山梨,,150,"1,604",,ロード,LOOK,KG461
2005-09-18,🚲,サイクリング,丹波山村、今川峠,,,奥多摩湖、丹波山村、今川峠[947m]、多摩川,東京、山梨,,169,"1,310",,ロード,LOOK,KG461
2005-09-23,🚲,サイクリング,八ヶ岳（麦草峠）,,,茅野駅、麦草峠[2127m]、野辺山、甲府,山梨、長野,八ヶ岳,120,,,ロード,LOOK,KG461
2005-10-02,🚲,サイクリング,谷保,,,谷保散策、矢川,東京,,,,,ロード,LOOK,KG461
2005-10-09,🚲,サイクリング,戸隠,,,鏡池、大望峠展望台[1055m]、嶺方峠[1092m],長野,,72,"1,289",,ロード,LOOK,KG461
2005-10-23,🚲,サイクリング,関宿、江戸川,,,岩槻城跡、関宿城、江戸川,埼玉、千葉、東京,,181,,,ロード,LOOK,KG461
2005-11-03,🚲,サイクリング,入間川、荒川,,,入間川、荒川、浅草、秋葉原,福岡,,140,,,ロード,LOOK,KG461
2005-11-06,🚲,サイクリング,多摩川,,,羽田,東京,,80,,,ロード,LOOK,KG461
2005-11-13,🚲,サイクリング,多摩川,,,阿蘇神社,東京,,70,,,ロード,LOOK,KG461
2005-11-20,🚲,サイクリング,奥多摩周遊道路,,,都民の森[1000m]、奥多摩周遊道路,東京,奥多摩周遊,150,"1,245",,ロード,LOOK,KG461
2005-11-27,🚲,サイクリング,奥多摩周遊道路,,,都民の森、奥多摩周遊道路、阿蘇神社、多摩川,東京,奥多摩周遊,150,"1,245",,ロード,LOOK,KG461
2006-01-02,🚲,サイクリング,宇部探訪,,,宇部市内,山口,,60,,,クロス,TREK,7300
2006-01-04,🚲,サイクリング,多摩川,,,阿蘇神社,東京,,70,,,ロード,LOOK,KG461
2006-01-09,🚲,サイクリング,多摩川、都内,,,多摩川、皇居,東京,,85,,,ロード,LOOK,KG461
2006-01-15,🚲,サイクリング,行田市-忍城,,,荒川、さきたま古墳公園、忍城,埼玉、東京,,144,,,ロード,LOOK,KG461
2006-01-28,🚲,サイクリング,鶴見川、横浜,,,鶴見川、横浜みなとみらい,東京、神奈川,,128,,,ロード,LOOK,KG461
2006-02-11,🚲,サイクリング,和田峠,,,多摩川、浅川、和田峠[686m]、阿蘇神社,東京,,130,"1,957",,ロード,LOOK,KG461
2006-03-05,🚲,サイクリング,和田峠,,,和田峠[686m],東京,,65,800,,ロード,LOOK,KG461
2006-03-11,🚲,サイクリング,和田峠,,,和田峠[686m],東京,,65,800,,ロード,LOOK,KG461
2006-03-12,🚲,サイクリング,奥多摩周遊道路,,,都民の森 [約1000m],東京,奥多摩周遊,107,,,ロード,LOOK,KG461
2006-03-18,🚲,サイクリング,和田峠、栃谷林道、大垂水峠,,,和田峠[686m]、明王峠[640m]、大垂水峠[392m],東京,,102,"2,400",,ロード,LOOK,KG461
2006-03-25,🚲,サイクリング,和田峠、栃谷林道、大垂水峠,,,和田峠[686m]、明王峠[640m]、藤野、大垂水峠[392m],東京、神奈川,,111,"2,522",,ロード,LOOK,KG461
2006-03-26,🚲,サイクリング,野川、桜通り散策,,,武蔵国分寺跡、野川、桜通り,東京,🌸,,,,MTB,GARY FISHER,Ziggurat
2006-04-01,🚲,サイクリング,和田峠、栃谷林道、大垂水峠,,,和田峠[686m]、明王峠[640m]、大垂水峠[392m],東京、神奈川,,114,"2,275",,ロード,LOOK,KG461
2006-04-02,🚲,サイクリング,野川,,,野川の桜,東京,🌸,,,,MTB,GARY FISHER,Ziggurat
2006-04-09,🚲,サイクリング,多摩川、阿蘇神社,,,多摩川、阿蘇神社、根がらみ前水田,東京,🌷,50,,,MTB,GARY FISHER,Ziggurat
2006-04-15,🚲,サイクリング,和田峠,,,和田峠[686m],東京,,65,800,,ロード,LOOK,KG461
2006-04-16,🚲,サイクリング,多摩川、阿蘇神社,,,多摩川、阿蘇神社、根がらみ前水田,東京,🌷,60,,,ロード,LOOK,KG461
2006-04-30,🚲,サイクリング,阿蘇山,,,阿蘇山[1276m]、武蔵塚,東京,,133,"1,777",,ロード,LOOK,KG461
2006-05-02,🚲,サイクリング,天草＆霊巌洞,,,天草、霊巌洞[272m],熊本,,150,,,ロード,LOOK,KG461
2006-05-03,🚲,サイクリング,秋月から下関,,,八丁越え[520m]、門司港、関門トンネル人道、下関,山口、福岡,,90,,,ロード,LOOK,KG461
2006-05-05,🚲,サイクリング,秋吉台,,,秋吉台カルストロード,山口,,90,,,ロード,LOOK,KG461
2006-06-11,🚲,レース,第3回 Mt.富士ヒルクライム,,,富士スバルライン,山梨,,24,"1,255",1:48,ロード,LOOK,KG461
2006-06-25,🚲,サイクリング,大ダワ峠、風張峠,,,大ダワ峠[994m]、風張峠[1143m],東京,,103,"2,111",,ロード,LOOK,KG461
2006-07-09,🚲,サイクリング,多摩川,,,多摩川,東京,,40,,,ロード,LOOK,KG585
2006-07-30,🚲,サイクリング,名栗,,,入間川、荒川,埼玉、東京,,100,,,ロード,LOOK,KG461
2006-08-06,🚲,サイクリング,奥多摩周遊道路,,,都民の森 [約1000m],東京,奥多摩周遊,100,,,ロード,LOOK,KG461
2006-08-13,🚲,サイクリング,和田峠、入山峠,,,和田峠[686m]、入山峠[592m],東京,,90,"1,070",,ロード,LOOK,KG461
2006-08-19,🚲,サイクリング,横田基地フレンドシップデー,,,横田基地 航空機展示,東京,航空祭,,,,MTB,GARY FISHER,Ziggurat
2006-08-20,🚲,サイクリング,北秋川,,,ちとせ屋,東京,,90,,,ロード,LOOK,KG585
2006-09-02,🚲,サイクリング,多摩川,,,多摩川,東京,,60,,,ロード,LOOK,KG585
2006-09-03,🚲,サイクリング,北秋川,,,ちとせ屋,東京,,90,,,ロード,LOOK,KG585
2006-09-16,🚲,サイクリング,和田峠,,,浅川、和田峠[686m],東京,,90,800,,ロード,LOOK,KG585
2006-09-17,🚲,サイクリング,入間川、川越散策,,,入間川、川越散策、荒川,埼玉、東京,,90,,,ロード,LOOK,KG585
2006-09-24,🚲,サイクリング,入間川、荒川,,,入間川、榎本牧場、荒川,埼玉、東京,,96,,,ロード,LOOK,KG585
2006-09-30,🚲,サイクリング,鶴峠,,,甲武トンネル[608m]、田和峠[610m]、鶴峠[876m],東京、山梨,,140,"1,959",,ロード,LOOK,KG585
2006-10-01,🚲,サイクリング,都内,,,代々木公園、皇居、秋葉原浅草,東京,,90,,,ロード,LOOK,KG585
2006-10-07,🚲,イベント,ツール・ド・ちば2006（1日目）,,,房総半島,千葉,,107,,,ロード,LOOK,KG461
2006-10-08,🚲,イベント,ツール・ド・ちば2006（2日目）,,,房総半島,千葉,,102,,,ロード,LOOK,KG461
2006-10-09,🚲,イベント,ツール・ド・ちば2006（3日目）,,,房総半島,千葉,,101,,,ロード,LOOK,KG461
2006-10-15,🚲,サイクリング,入間川、川越散策,,,入間川、川越-菓子屋横丁、荒川,埼玉、東京,,86,,,ロード,LOOK,KG585
2006-10-22,🚲,サイクリング,ジャパンカップ2006観戦,,,宇都宮,栃木,,30,,,ロード,LOOK,KG461
2006-10-29,🚲,レース,富士チャレンジ200,,,富士スピードウェイ,島根,,68,,,ロード,LOOK,KG461
2006-11-03,🚲,サイクリング,広河原逆川林道＆奥武蔵ｸﾞﾘ-ﾝﾗｲﾝ,,,有間峠[1142m]、刈場坂峠[818m],埼玉、東京,,158,"2,449",,ロード,LOOK,KG585
2006-11-04,🚲,サイクリング,幕張サイクルモード自走,,,幕張メッセ,千葉、東京,,140,,,ロード,LOOK,KG461
2006-11-05,🚲,サイクリング,秋川,,,秋川,東京,,50,,,ロード,LOOK,KG585
2006-11-12,🚲,レース,JCRCツール・ド・ジャパン西湖ステージ,,,西湖,山梨,,20,,,ロード,LOOK,KG585
2006-11-19,🚲,レース,龍勢ヒルクライム2006,,,埼玉県 秩父 吉田地区,埼玉,,12,,,ロード,LOOK,KG585
2006-11-26,🚲,サイクリング,小沢峠,,,小沢峠[342m],埼玉、東京,,75,,,ロード,LOOK,KG585
2006-12-10,🚲,サイクリング,尾根幹,,,いろは坂、尾根幹、尾根緑道(戦車道),東京,,65,,,ロード,LOOK,KG585
2006-12-23,🚲,サイクリング,多摩川,,,阿蘇神社,東京,,65,,,ロード,LOOK,KG585
2006-12-24,🚲,サイクリング,有間ダム,,,小沢峠[342m],埼玉、東京,,88,,,ロード,LOOK,KG585
2006-12-31,🚲,サイクリング,秋穂,,,きららドーム、旧秋穂町、新山口駅,山口,,70,,,クロス,TREK,7300
2007-01-01,🚲,サイクリング,山口宇部空港,,,山口宇部空港,山口,,20,,,クロス,TREK,7300
2007-01-03,🚲,サイクリング,宇部港,,,宇部港,山口,,35,,,クロス,TREK,7300
2007-01-04,🚲,サイクリング,竜王山,,,竜王山[139m]、宇部市内,山口,,65,,,クロス,TREK,7300
2007-01-05,🚲,サイクリング,多摩川,,,阿蘇神社,東京,,60,,,ロード,LOOK,KG585
2007-01-07,🚲,サイクリング,尾根幹,,,いろは坂、桜ヶ丘公園、尾根緑道、その他,東京,,70,,,ロード,LOOK,KG585
2007-01-08,🚲,サイクリング,調布,,,調布飛行場,東京,,40,,,ロード,LOOK,KG461
2007-01-14,🚲,サイクリング,越生,https://connect.garmin.com/app/activity/24047164461,,パン工房 シロクマ、醤遊王国,埼玉、東京,,87,460,8:00,ロード,LOOK,KG461
2007-01-21,🚲,サイクリング,荒川、入間川,,,荒川、ホンダエアポート、入間川,埼玉、東京,,95,,,ロード,LOOK,KG585
2007-02-04,🚲,サイクリング,尾根幹,,,いろは坂、桜ヶ丘公園、尾根緑道、百草園,東京,,65,,,ロード,LOOK,KG585
2007-02-11,🚲,サイクリング,和田峠,,,浅川、和田峠[686m],東京,,80,951,,ロード,LOOK,KG585
2007-02-18,🚲,サイクリング,多摩湖,,,多摩湖自転車道、多摩湖,東京,,25,,,ロード,LOOK,KG585
2007-02-25,🚲,サイクリング,荒川、入間川,,,荒川、入間川、川越公園 花いち,埼玉、東京,,95,,,ロード,LOOK,KG585
2007-03-03,🚲,サイクリング,都内,,,新宿副都心、秋葉原,東京,,75,,,クロス,DE ROSA,TEAM
2007-03-04,🚲,山サイ,裏周遊、浅間尾根,,,風張林道、浅間尾根,東京,,31,"1,272",,MTB,GARY FISHER,Ziggurat
2007-03-10,🚲,サイクリング,山伏峠、奥武蔵グリーンライン,https://connect.garmin.com/app/activity/24047009221,https://drive.google.com/file/d/1PeFASAnAY9QDEXTCbkQT4dlsDh9JJ_VA/view?usp=drivesdk,小沢峠[342m]、山伏峠[621m]、奥武蔵グリーンライン,埼玉、東京,,125,"1,962",8:00,ロード,LOOK,KG585
2007-03-11,🚲,サイクリング,国分寺,,,お鷹の道、西国分寺,東京,,,,,クロス,DE ROSA,TEAM
2007-03-18,🚲,サイクリング,尾根幹,,,尾根幹道路、多摩川、調布飛行場,東京,,78,,,ロード,LOOK,KG585
2007-03-21,🚲,サイクリング,和田峠,,,和田峠[686m]、ふろッぴィ,東京,,80,800,,ロード,LOOK,KG585
2007-03-25,🚲,レース,ひたちなかエンデューロ,,,安全運転中央研修所,茨城,,,,,ロード,LOOK,KG585
2007-03-30,🚲,サイクリング,多摩,,,井の頭公園、野川、深大寺、多摩川、阿蘇神社,東京,,95,,,クロス,DE ROSA,TEAM
2007-04-01,🚲,サイクリング,奥多摩周遊道路,,,奥多摩湖、奥多摩周遊道路、都民の森[1000m],東京,奥多摩周遊,140,"1,245",,ロード,LOOK,KG585
2007-04-07,🚲,サイクリング,多摩湖,,,多摩湖,東京,🌸,25,,,クロス,DE ROSA,TEAM
2007-04-07,🚲,サイクリング,多摩,,,野川、調布飛行場、深大寺、多摩川,東京,🌸,60,,,ロード,LOOK,KG585
2007-04-08,🚲,レース,JCRCツール・ド・ジャパン川越ステージ,,,川越水上公園,埼玉,,12,,,ロード,LOOK,KG585
2007-04-14,🚲,サイクリング,フラットバーロードで山岳,,,戸沢峠[238m]、和田峠[686m]、明王峠[640m]、大垂水峠[392m],東京、神奈川,,110,"1,830",,クロス,DE ROSA,TEAM
2007-04-21,🚲,サイクリング,柳沢峠ロングラン,,,柳沢峠[1472m]、鶴峠[876m]、田和峠[670m]、大垂水峠[392m],東京、神奈川、山梨,,200,"2,740",,ロード,LOOK,KG585
2007-04-22,🚲,サイクリング,奥多摩湖,,,奥多摩湖、羽村の根搦み前水田、多摩川,埼玉、東京,🌷,110,,,ロード,LOOK,KG585
2007-04-29,🚲,サイクリング,山伏峠、正丸峠、虚空蔵峠,,,山伏峠[621m]、正丸峠[640m]、虚空蔵峠[727m],埼玉、東京,,111,"1,440",,ロード,LOOK,KG585
2007-04-30,🚲,グラベル,六道山公園周辺,,,さいたま緑の森博物館、六道山公園、里山民家,埼玉、東京,,,,,MTB,GARY FISHER,Ziggurat
2007-05-01,🚲,イベント,dioss富士見キャンプ(1日目),,,自走で富士見(国道20号線),東京、神奈川、山梨,,140,,,ロード,LOOK,KG585
2007-05-02,🚲,イベント,dioss富士見キャンプ(2日目),,,すずらん峠[1839m]、白樺湖、CANADIAN FARM、入笠山[1850m],長野,,110,,,ロード,LOOK,KG585
2007-05-03,🚲,イベント,dioss富士見キャンプ(3日目),,,富士見パノラマリゾート ダウンヒルコース,長野,,,,,MTB,GARY FISHER,Ziggurat
2007-05-04,🚲,イベント,dioss富士見キャンプ(4日目),,,富士見パノラマリゾート 山頂周回コース 金沢林道,長野,,,,,MTB,GARY FISHER,Ziggurat
2007-05-12,🚲,サイクリング,道志,,,道志道、山中湖,東京、神奈川,,185,"1,934",,ロード,LOOK,KG585
2007-05-13,🚲,サイクリング,多摩川,,,阿蘇神社,東京,,65,,,クロス,DE ROSA,TEAM
2007-05-19,🚲,イベント,糸魚川ファストラン,https://connect.garmin.com/app/activity/24047443469,https://drive.google.com/file/d/1V7BESP75wEKWFifd1AODuQV4FeoB7zrN/view?usp=drivesdk,糸魚川ファストラン,東京、神奈川、山梨、長野、新潟,,291,"2,360",16:00,ロード,LOOK,KG585
2007-05-27,🚲,サイクリング,柳沢峠、奥多摩周遊道路,,,柳沢峠[1472m]、奥多摩周遊道路、都民の森[1000m],東京、山梨,奥多摩周遊,184,"2,320",,ロード,LOOK,KG585
2007-06-03,🚲,レース,第4回 Mt.富士ヒルクライム,,,富士スバルライン,山梨,,24,"1,255",1:26,ロード,LOOK,KG585
2007-06-16,🚲,グラベル,大弛峠越え,https://connect.garmin.com/app/activity/24047657716,https://drive.google.com/file/d/1gNcEMPYtTM2VO5Z5T9_15eRAEQC81NBj/view?usp=drivesdk,塩山駅、大弛峠[2360m]、三国峠[1828m]、中津川林道、西武秩父駅,埼玉、山梨、長野,大弛峠,120,"2,510",10:00,ロード,LOOK,KG461
2007-06-17,🚲,サイクリング,多摩川,,,多摩川,東京,,40,,,ロード,LOOK,KG461
2007-06-20,🚲,サイクリング,都内,,,秋葉原,東京,,60,,,クロス,DE ROSA,TEAM
2007-06-23,🏔🚲,山サイ,陣馬山から小仏バス停へ,,,和田峠[686m]、陣馬山[857m]、景信山[727m],東京、神奈川,,82,"1,360",,MTB,GARY FISHER,Ziggurat
2007-07-01,🚲,サイクリング,昭和記念公園,,,多摩川、国営昭和記念公園,東京,,35,,,クロス,DE ROSA,TEAM
2007-07-08,🏔🚲,山サイ,陣馬山から小仏峠へ,,,和田峠[686m]、陣馬山[857m]、景信山[727m],東京、神奈川,,80,,,MTB,GARY FISHER,Ziggurat
2007-07-16,🚲,サイクリング,柳沢峠,,,柳沢峠[1472m]、原茂ワイン、笹子峠[1040m]、大垂水峠[392m],東京、山梨,,210,"2,500",,ロード,LOOK,KG585
2007-07-22,🚲,レース,シマノバイカーズフェスティバル,,,富士見パノラマ,長野,,,,,MTB,GARY FISHER,Ziggurat
2007-07-28,🚲,サイクリング,成木、名栗,https://connect.garmin.com/app/activity/24047853268,https://drive.google.com/file/d/1C3_Id1sqn5TkCAJKcSCr1I05NlKyLy1H/view?usp=drivesdk,東京ヒルクライムコース、小沢峠[342m]、山伏峠[621m]、正丸峠[640m]、天目指峠[480m],埼玉、東京,,125,"2,205",8:00,ロード,LOOK,KG585
2007-07-29,🚲,サイクリング,秋川、いっすいのこんにゃく,,,東京HCコース[670m]、山伏峠[621m]、天目指峠[480m],埼玉、東京,,125,,,ロード,LOOK,KG461
2007-08-12,🚲,サイクリング,成木、名栗,,,成木、名栗,埼玉、東京,,95,,,ロード,LOOK,KG585
2007-08-13,🚲,サイクリング,小菅村,,,松姫峠[1250m],東京、山梨,,176,"2,702",,ロード,LOOK,KG585
2007-08-16,🚲,イベント,原村合宿,,,諏訪大社上社、山佐屋、諏訪湖、高島城、諏訪湖、SUWAガラスの里,長野,,82,,,－,－,－
2007-08-17,🚲,イベント,原村合宿,,,原村,長野,,70,,,ロード,レンタル,レンタル
2007-08-18,🚲,サイクリング,大弛峠,https://connect.garmin.com/app/activity/24109607695,https://drive.google.com/file/d/1GL_89S6_7zKS179wrUkEoRcQn44ib7q2/view?usp=drivesdk,大弛峠[2360m]、夢の庭園,山梨,,60,"1,976",,ロード,LOOK,KG461
2007-08-19,🚲,レース,東京ヒルクライム NARIKIステージ,,,成木,埼玉、東京,,60,,,ロード,LOOK,KG585
2007-08-26,🚲,レース,マウンテンサイクリングin乗鞍,https://connect.garmin.com/app/activity/24109561243,https://drive.google.com/file/d/1Ndllr9M9hFPSbpU_3DXY4QRK1gBuQzZH/view?usp=drivesdk,乗鞍エコーライン,長野,乗鞍,21,"1,260",1:27,ロード,LOOK,KG585
2007-09-02,🚲,サイクリング,江の島,https://connect.garmin.com/app/activity/24048069466,https://drive.google.com/file/d/1pWnx9y2XKltwKsdzWLH_u_tbVFa_x9j5/view?usp=drivesdk,境川、飯田牧場、引地川、江の島,東京、神奈川,,145,454,10:00,ロード,LOOK,KG461
2007-09-09,🚲,サイクリング,大弛峠,,,大弛峠[2360m]、花かげの湯,山梨,,60,,,ロード,LOOK,KG461
2007-09-10,🚲,サイクリング,羽村のかかし、多摩川,,,羽村の根搦み前水田、多摩川,東京,,60,,,MTB,GARY FISHER,Ziggurat
2007-09-16,🚲,レース,SDA王滝,,,王滝村　コース変更,長野,,87,,,MTB,GARY FISHER,Ziggurat
2007-09-22,🚲,サイクリング,茅野から山岳コースで多摩まで,https://connect.garmin.com/app/activity/24048174912,https://drive.google.com/file/d/1pOQKWIF8UmSnZ0LZgwyiLrjlZzkTa5SN/view?usp=drivesdk,麦草峠[2127m]、十石峠[1356m]、志賀坂トンネル[780m],埼玉、東京、長野,,205,"3,247",10:00,ロード,LOOK,KG585
2007-10-06,🚲,サイクリング,富士周辺,,,籠坂峠[1104m]、本栖湖、富士川、南アルプス市,山梨,,82,"1,520",,ロード,LOOK,KG585
2007-10-07,🚲,サイクリング,高遠,https://connect.garmin.com/app/activity/24048311847,https://drive.google.com/file/d/10zsAA58U67jGQasLP01f5R84nZ9Syctq/view?usp=drivesdk,黒河内林道、高遠、千代田湖、金沢峠[1315m]、芝平峠[1450m],長野,,82,"1,612",6:00,MTB,SPECIALIZED,Epic Marathon
2007-10-13,🚲,グラベル,多摩湖、狭山湖周辺散策,,,多摩湖、慶性門、狭山湖,埼玉、東京,,42,,,MTB,SPECIALIZED,Epic Marathon
2007-10-14,🚲,サイクリング,関宿,https://connect.garmin.com/app/activity/24048407479,https://drive.google.com/file/d/1Ha6wUHopTODiXwebn3bzlaZx8nDItlgt/view?usp=drivesdk,関宿歴史資料館,埼玉、東京、千葉,,128,182,0:00,ロード,LOOK,KG585
2007-10-20,🚲,サイクリング,都内,https://connect.garmin.com/app/activity/24109424927,https://drive.google.com/file/d/1T7ckxsGiWKozrDg9qlWLaKfCrdzm7LzL/view?usp=drivesdk,赤坂豊川稲荷、月島西仲通り商店街、皇居、アメ横、宝田恵比寿神祭,東京,,90,100,8:02,ロード,LOOK,KG461
2007-10-21,🚲,サイクリング,深大寺,https://connect.garmin.com/app/activity/24109475237,https://drive.google.com/file/d/1GKL3LjzsOJQHz43N5C0tDQQw3OjVP_95/view?usp=drivesdk,多摩川、登戸/大黒屋、深大寺,東京,,50,,8:00,ロード,LOOK,KG585
2007-11-02,🚲,サイクリング,都内,,,和泉明店街,東京,,80,,,ロード,LOOK,KG461
2007-11-03,🚲,サイクリング,有間峠,https://connect.garmin.com/app/activity/24048543526,https://drive.google.com/file/d/16Gx2KMLol-jfDV1K_hDKKYoaYNUjccMl/view?usp=drivesdk,広河原逆川林道、有間峠[1142m],埼玉、東京,,118,"2,607",7:00,ロード,LOOK,KG585
2007-11-04,🏔🚲,山サイ,大菩薩峠,https://connect.garmin.com/app/activity/24048605205,https://drive.google.com/file/d/1ub5fD4NL4pAIcHKllte7cuAegHb7gdJ-/view?usp=drivesdk,白糸の滝、大菩薩峠[1897m]、石丸峠[1933m]、牛の寝、松姫峠[1250m],東京、山梨,,37,"2,359",8:00,MTB,SPECIALIZED,Epic Marathon
2007-11-25,🚲,サイクリング,和田峠、栃谷林道、大垂水峠,https://connect.garmin.com/app/activity/24048712154,https://drive.google.com/file/d/1Rs_TwF2Xy8IrzUJnL5z8gEcsiNbdphgR/view?usp=drivesdk,和田峠[686m]、明王峠[640m]、大垂水峠[392m],山口,,110,"2,028",7:00,ロード,LOOK,KG585
2007-12-24,🚲,サイクリング,秩父,https://connect.garmin.com/app/activity/24048774048,https://drive.google.com/file/d/1lIUVv_iAv8GA9GE2PyPQmrSP9qI36cp8/view?usp=drivesdk,山伏峠[621m]、秩父、長瀞、入間川、荒川,埼玉、東京,,180,"1,048",9:00,ロード,LOOK,KG585
2008-01-02,🚲,サイクリング,多摩川,,,阿蘇神社,東京,,50,,,ロード,LOOK,KG461
2008-01-20,🚲,山サイ,二ツ塚,,,二ツ塚,東京,,25,,,MTB,SPECIALIZED,Epic Marathon
2008-01-21,🚲,サイクリング,六道周辺散策,,,六道山公園,東京,,20,,,ロード,LOOK,KG461
2008-01-22,🚲,山サイ,二ツ塚,,,二ツ塚,東京,,30,,,MTB,SPECIALIZED,Epic Marathon
2008-01-26,🚲,サイクリング,横須賀、浦賀,https://connect.garmin.com/app/activity/24108628265,https://drive.google.com/file/d/1VIK0A5yBeB4pGEMPre0dnLP5kjP0y_PC/view?usp=drivesdk,三笠公園、観音崎、浦賀、ペリー公園,神奈川,,70,376,8:00,ロード,LOOK,KG461
2008-01-27,🚲,サイクリング,名栗,https://connect.garmin.com/app/activity/24108696188,https://drive.google.com/file/d/1wiRl4ATdLZapqz0VmXWaPN3v98ua_5cl/view?usp=drivesdk,名栗,埼玉、東京,,87,804,7:00,ロード,LOOK,KG585
2008-02-24,🚲,サイクリング,"川越""花いち""グルメ・ラン",https://connect.garmin.com/app/activity/24108734458,https://drive.google.com/file/d/1wr5IYU_NsI36iWiWSqVtjQr-h3eVhfpI/view?usp=drivesdk,入間川、花いち,埼玉、東京,,57,384,8:00,小径車,r&m,BD-1
2008-03-01,🚲,サイクリング,都内,,,豪徳寺、世田谷城址、松陰神社、西郷山公園、乃木神社,東京,,25,,,小径車,r&m,BD-1
2008-03-09,🚲,サイクリング,鎌倉散策,https://connect.garmin.com/app/activity/24108764767,https://drive.google.com/file/d/1cOXgtY8DGSROwghrLWTrt2ss0bsdZd-P/view?usp=drivesdk,円覚寺、明月院、建長寺、鶴岡八幡宮、杉本寺、宝戒寺、妙法寺,神奈川,,21,283,8:00,小径車,r&m,BD-1
2008-03-16,🚲,山サイ,奥武蔵坂ザンマイ,https://connect.garmin.com/app/activity/24048954401,https://drive.google.com/file/d/179de627Ml-WatIp6hjeggBSu7rjM43at/view?usp=drivesdk,子の権現、天目指峠[480m]、山伏峠[621m]、奥武蔵グリーンライン,埼玉、東京,,133,"2,958",8:40,ロード,LOOK,KG585
2008-03-22,🚲,サイクリング,都内,,,玉川上水、護国寺、巣鴨地蔵通商店街、谷中銀座、合羽橋道具街,東京,,62,,,小径車,r&m,BD-1
2008-03-23,🚲,サイクリング,奥多摩周遊道路,,,都民の森[1000m]、風張峠[1143m],東京,奥多摩周遊,130,"1,477",,ロード,LOOK,KG585
2008-03-27,🚲,サイクリング,多摩湖自転車道、井の頭公園の桜,,,多摩湖自転車道、井の頭公園,東京,🌸,20,,,クロス,DE ROSA,TEAM
2008-03-29,🚲,サイクリング,野川、多摩川の桜,,,黒鐘公園、お鷹の道、野川、深大寺、多摩川,東京,🌸,55,,,クロス,DE ROSA,TEAM
2008-03-30,🚲,サイクリング,都内,,,皇居周辺(千鳥ヶ淵公園)、増上寺、浜離宮恩賜庭園,東京,🌸,,,,小径車,r&m,BD-1
2008-04-05,🚲,サイクリング,奥多摩周遊道路,,,都民の森[1000m],東京,奥多摩周遊,120,,,ロード,LOOK,KG585
2008-04-06,🚲,サイクリング,桜を求めて尾根緑道・羽村・野川へ,,,尾根緑道、羽村堰、阿蘇神社、羽村の根搦み前水田、野川,東京,🌸,37,,,小径車,r&m,BD-1
2008-04-12,🚲,サイクリング,子の権現,,,子の権現、天目指峠[480m],埼玉、東京,,101,,,ロード,LOOK,KG585
2008-04-20,🚲,レース,ツール・ド・草津,https://connect.garmin.com/app/activity/24049043673,https://drive.google.com/file/d/1GirlQPL3GmM9mhZkPHIG-kgvvxbjjLVD/view?usp=drivesdk,国道292号（志賀草津道路）,群馬,,13,769,0:50,ロード,LOOK,KG585
2008-04-29,🚲,サイクリング,伊豆一周,https://connect.garmin.com/app/activity/24049068270,https://drive.google.com/file/d/1wfpn5rZP5kmj7ZupyfUl8A7fUYHz5ix4/view?usp=drivesdk,道の駅「伊豆のへそ」、亀石峠[451m]、下田,静岡,伊豆イチ,206,"3,230",11:11,ロード,LOOK,KG585
2008-04-30,🚲,サイクリング,筑波自転車道,https://connect.garmin.com/app/activity/24049194115,https://drive.google.com/file/d/1Hk_4iKo1Px-1QlJmqDJuT8-wOH91hTV1/view?usp=drivesdk,筑波自転車道,茨城,,96,460,7:40,ロード,LOOK,KG585
2008-05-01,🚲,サイクリング,霞ヶ浦,https://connect.garmin.com/app/activity/24049249573,https://drive.google.com/file/d/1m7urpqa87fflxYas1Asm1lCk8kgxDuDm/view?usp=drivesdk,霞ヶ浦,茨城,,93,80,7:01,ロード,LOOK,KG585
2008-05-04,🚲,サイクリング,木曽路,https://connect.garmin.com/app/activity/24049318961,https://drive.google.com/file/d/1ycFpnldotQYlN_KFrykorMQuiL6jjKC0/view?usp=drivesdk,馬籠、妻籠、恋路峠[670m],長野,,62,773,4:46,ロード,LOOK,KG585
2008-05-05,🚲,グラベル,黒河内林道,https://connect.garmin.com/app/activity/24049368728,https://drive.google.com/file/d/1f_8WvKrYZVJxcIY2cbNqi0qBilV2CI4h/view?usp=drivesdk,黒河内林道、高遠,長野,,31,232,2:10,MTB,SPECIALIZED,Epic Marathon
2008-05-06,🚲,サイクリング,奥多摩周遊道路,,,都民の森[1000m]、奥多摩周遊道路、小菅村,東京、山梨,奥多摩周遊,135,,,ロード,LOOK,KG585
2008-05-17,🚲,イベント,糸魚川ファストラン,,,糸魚川ファストラン,東京、神奈川、山梨、長野、新潟,,291,,,ロード,LOOK,KG585
2008-06-01,🚲,レース,第5回 Mt.富士ヒルクライム,https://connect.garmin.com/app/activity/24049460306,https://drive.google.com/file/d/1pB5gsocKmb3ubWjlQ4pk2MQMyb00vbAa/view?usp=drivesdk,富士スバルライン,山梨,,24,"1,311",1:26,ロード,LOOK,KG585
2008-06-14,🚲,サイクリング,奥多摩周遊道路,https://connect.garmin.com/app/activity/24049497878,https://drive.google.com/file/d/1Tfs3qwYinCMxq4ZVYvkpXAhc-OL_RAJb/view?usp=drivesdk,都民の森[1000m],東京,奥多摩周遊,105,"1,303",5:01,ロード,LOOK,KG585
2008-07-05,🚲,サイクリング,奥多摩周遊道路,,,都民の森の手前,東京,奥多摩周遊,80,"1,100",,ロード,LOOK,KG585
2008-07-06,🚲,サイクリング,成木,,,成木,東京,,,,,ロード,LOOK,KG585
2008-07-13,🚲,サイクリング,都内,,,皇居周辺、秋葉原,東京,,70,,,小径車,r&m,BD-1
2008-08-11,🚲,サイクリング,戸隠,https://connect.garmin.com/app/activity/24049561652,https://drive.google.com/file/d/1agEJ-gSjnx5OLtwqO3MJQhDUjPg2Ku9O/view?usp=drivesdk,大望峠展望台[1055m]、嶺方峠[1092m]、鏡池、戸隠神社奥社,長野,,65,"1,543",5:55,ロード,LOOK,KG585
2008-08-13,🚲,サイクリング,都内,https://connect.garmin.com/app/activity/24049591068,https://drive.google.com/file/d/1pbn0ZPkx-3Phit2lgOP6OaplliwZFceS/view?usp=drivesdk,月島西仲通り商店街、豊海、越中島公園,東京,,12,74,2:47,小径車,r&m,BD-1
2008-08-23,🚲,サイクリング,都内,https://connect.garmin.com/app/activity/24049645040,https://drive.google.com/file/d/1BKFBxd5wH_KocFQ7M5LdOVCiEjywAINz/view?usp=drivesdk,築地、若洲海浜公園、お台場,東京,,103,419,6:52,ロード,LOOK,KG585
2008-08-31,🚲,レース,マウンテンサイクリングin乗鞍,https://connect.garmin.com/app/activity/24049666304,https://drive.google.com/file/d/1YDqTjaujAk5hPYcuXokOSsjTOS21dFaP/view?usp=drivesdk,乗鞍エコーライン、畳平[2702m],長野,乗鞍,21,"1,260",1:27,ロード,LOOK,KG585
2008-09-07,🚲,グラベル,大名栗林道,,,大名栗林道,埼玉,,40,,,MTB,SPECIALIZED,Epic Marathon
2008-09-14,🚲,レース,SDA王滝,https://connect.garmin.com/app/activity/24049712428,https://drive.google.com/file/d/1Sohi1RTSwEMlH6gULyhYeDqOpmprIBwN/view?usp=drivesdk,王滝村,長野,,91,"2,995",8:02,MTB,SPECIALIZED,Epic Marathon
2008-09-27,🚲,サイクリング,大弛峠越え,https://connect.garmin.com/app/activity/24049812444,https://drive.google.com/file/d/1U0ru69SZdQOdkWKmJknNN9M7KF0_QBUq/view?usp=drivesdk,道の駅「道の駅 花かげの郷 まきおか」、大弛峠[2360m]、信州峠[1470m]、本谷川渓谷,山梨、長野,大弛峠,140,"3,210",12:48,ロード,LOOK,KG461
2008-09-28,🚲,サイクリング,長瀞,https://connect.garmin.com/app/activity/24049875626,https://drive.google.com/file/d/1DoS_sEat-6X1V_UvkVFZcTzfAztnkk3y/view?usp=drivesdk,山伏峠[621m],東京、埼玉,,150,"1,605",8:26,ロード,LOOK,KG585
2008-10-04,🚲,サイクリング,きのこセンター,https://connect.garmin.com/app/activity/24049921338,https://drive.google.com/file/d/1-NHWrW0ccNwx9fIn4ZMagYWJrZvc3s9h/view?usp=drivesdk,きのこセンター、風張峠[1143m]、羽村の根搦み前水田,東京,,130,"1,849",7:20,ロード,LOOK,KG585
2008-10-05,🚲,サイクリング,都内,https://connect.garmin.com/app/activity/24049972075,https://drive.google.com/file/d/1foIgVt4Q-NxdtTu5g1h8phnkzlCLbJAK/view?usp=drivesdk,等々力渓谷、洗足池、武蔵小山、戸越銀座、城南島海浜公園,東京,,73,191,7:13,小径車,r&m,BD-1
2008-10-13,🚲,サイクリング,都内,https://connect.garmin.com/app/activity/24050049632,https://drive.google.com/file/d/1ckXgV7C-BSabfJTW0fX33pIMk4e6oE1q/view?usp=drivesdk,寅さん記念館、帝釈天、亀有、葛西城、両国,東京,,27,191,4:40,小径車,r&m,BD-1
2008-10-18,🚲,サイクリング,都内,https://connect.garmin.com/app/activity/24050093313,https://drive.google.com/file/d/1DCrtCys-vYQL4cJLFKHOgrp_e38evEgu/view?usp=drivesdk,皇居、東京都水道歴史館、文京区・千代田区・新宿区の資料館,東京,,82,431,6:39,ロード,LOOK,KG461
2008-10-26,🚲,サイクリング,ジャパンカップ2008観戦,,,,栃木,,30,,,クロス,DE ROSA,TEAM
2008-11-02,🚲,グラベル,大菩薩,,,大菩薩峠[1897m]、石丸峠[1933m]、牛の寝,山梨,,25,,,MTB,SPECIALIZED,Epic Marathon
2008-11-22,🚲,多摩川,多摩川,,,阿蘇神社,東京,🍁,50,,,クロス,DE ROSA,TEAM
2008-11-23,🚲,サイクリング,都内,https://connect.garmin.com/app/activity/24050198218,https://drive.google.com/file/d/1MbLdDlODGu6PO9Va8ubuSJ2KA3lpnPWI/view?usp=drivesdk,清澄庭園、霊巌寺、深川江戸資料館、のらくろ資料館、皇居,東京,🍁,26,230,4:40,小径車,r&m,BD-1
2008-11-30,🚲,サイクリング,都内,https://connect.garmin.com/app/activity/24050257188,https://drive.google.com/file/d/1uYqp4LwE4HLMXJ-xYjHGfWr5mhIWVvcd/view?usp=drivesdk,皇居,東京,,27,184,4:27,クロス,DE ROSA,TEAM
2008-12-07,🚲,サイクリング,都内,https://connect.garmin.com/app/activity/24050292381,https://drive.google.com/file/d/1ekpWvf5sIIrJheMEYwdQvOOOr8bI4lSK/view?usp=drivesdk,皇居、月島,東京,,83,346,5:44,ロード,LOOK,KG585
2009-01-03,🚲,サイクリング,阿蘇神社,,,阿蘇神社,東京,,1,0,,小径車,r&m,BD-1
2009-01-04,🚲,サイクリング,関宿,https://connect.garmin.com/app/activity/24050351285,https://drive.google.com/file/d/1hi0MBeBCqAogRd652nPTWEAOY6fVIFP4/view?usp=drivesdk,関宿、江戸川,埼玉、東京、千葉,,159,266,7:55,ロード,LOOK,KG585
2009-01-11,🚲,レース,GP-mistral～シクロレース～,,,吉見総合運動公園,埼玉,,,,,－,－,－
2009-01-18,🚲,山サイ,桜山周辺探検,https://connect.garmin.com/app/activity/24050407789,https://drive.google.com/file/d/1qO4XBPafMWRCFouHvFWs7_IUx5K1sOU9/view?usp=drivesdk,入間・桜山,埼玉,,27,504,4:57,MTB,SPECIALIZED,Epic Marathon
2009-01-25,🚲,サイクリング,小沢峠,https://connect.garmin.com/app/activity/24051106654,https://drive.google.com/file/d/1sisB-m8Nd9TNyrsFIHuJZyYZruj71Oww/view?usp=drivesdk,小沢峠[342m]、有間ダム、無地,埼玉、東京,,75,802,5:46,ロード,LOOK,KG585
2009-02-01,🚲,サイクリング,有間ダム,,,小沢峠[342m]、有間ダム,埼玉、東京,,80,,,ロード,LOOK,KG585
2009-02-07,🚲,サイクリング,南伊豆の桜,https://connect.garmin.com/app/activity/24055628812,https://drive.google.com/file/d/1QnGdKh6XkXKPpRzopIfIEDNh0PuGUxkk/view?usp=drivesdk,弓ヶ浜、下賀茂の桜祭り,静岡,🌸,12,22,1:29,ロード,LOOK,KG585
2009-02-08,🚲,サイクリング,伊豆一周,https://connect.garmin.com/app/activity/24055652487,https://drive.google.com/file/d/133mtW7VIr5_wT70wtfBD-oY-RVw0EduM/view?usp=drivesdk,道の駅「伊豆のへそ」、亀石峠[451m],静岡,伊豆イチ,196,"3,841",10:23,ロード,LOOK,KG585
2009-02-14,🚲,サイクリング,多摩川,,,大東京綜合卸売センター,東京,,20,,,ロード,LOOK,KG461
2009-02-21,🚲,サイクリング,子の権現、山伏峠,https://connect.garmin.com/app/activity/24055705201,https://drive.google.com/file/d/1vHG1FQ8fDO1eGooil0AeCdId2IZiPxSE/view?usp=drivesdk,子の権現、天目指峠[480m]、山伏峠[621m],埼玉、東京,,104,"1,953",5:57,ロード,LOOK,KG585
2009-02-22,🚲,サイクリング,都内,,,皇居周辺、汐留、芝公園、湯島天神,東京,,50,,,ロード,LOOK,KG461
2009-02-28,🚲,サイクリング,山伏峠、仁田山峠,https://connect.garmin.com/app/activity/24055804155,https://drive.google.com/file/d/1wIqEtVQ5toDfvsqyzJI_T1Vv2RFY834y/view?usp=drivesdk,有間ダム、山伏峠[621m]、仁田山峠[401m],埼玉、東京,,98,"1,766",4:53,ロード,LOOK,KG585
2009-03-01,🚲,サイクリング,奥多摩周遊道路,https://connect.garmin.com/app/activity/24055815120,https://drive.google.com/file/d/1VvmUT1ESJZXUMeJ_5urHCbFc4psrYDDr/view?usp=drivesdk,料金所まで,東京,奥多摩周遊,98,"1,821",4:57,ロード,LOOK,KG585
2009-03-07,🚲,サイクリング,山伏峠、仁田山峠,https://connect.garmin.com/app/activity/24055825588,https://drive.google.com/file/d/1K3KWACwM2IBtuc95xLjuDQl5wCt-JGzx/view?usp=drivesdk,山伏峠[621m]、仁田山峠[401m],埼玉、東京,,96,"2,066",4:41,ロード,LOOK,KG585
2009-03-08,🚲,サイクリング,子の権現,https://connect.garmin.com/app/activity/24055835637,https://drive.google.com/file/d/1nqYlUfrZp12Gif-pABEGaK9xDrj2j9mp/view?usp=drivesdk,山王峠[250m]、倉掛峠[220m]、子の権現、天目指峠[480m]、山王峠[250m],埼玉、東京,,86,"1,603",4:59,ロード,LOOK,KG585
2009-03-15,🚲,サイクリング,奥多摩周遊道路,https://connect.garmin.com/app/activity/24055864762,https://drive.google.com/file/d/1n3TG62_PbX6kR79gKIWo67GtdK-qNfmq/view?usp=drivesdk,都民の森、風張峠[1143m]、裏周遊,東京,奥多摩周遊,103,"1,750",5:30,ロード,LOOK,KG585
2009-03-20,🚲,サイクリング,井の頭公園と多摩湖自転車道,,,井の頭公園、多摩湖自転車道,東京,,30,,,クロス,DE ROSA,TEAM
2009-03-21,🚲,サイクリング,奥多摩周遊道路,https://connect.garmin.com/app/activity/24055882114,https://drive.google.com/file/d/1ZtbU1NoM5-jZlHFT-iSTPRr4DqARBGLc/view?usp=drivesdk,都民の森[1000m],東京,奥多摩周遊,105,"1,844",5:12,ロード,LOOK,KG585
2009-03-28,🚲,サイクリング,奥多摩周遊道路,https://connect.garmin.com/app/activity/24055890891,https://drive.google.com/file/d/1x6Hdy7azPpmgovgqWs1wbetOlJoNqVT5/view?usp=drivesdk,都民の森[1000m],東京,奥多摩周遊,105,"1,489",5:44,ロード,LOOK,KG585
2009-03-28,🚲,サイクリング,井の頭公園の桜と多摩湖自転車道,https://connect.garmin.com/app/activity/24055905625,,井の頭公園、多摩湖自転車道,東京,🌸,25,117,2:21,ロード,LOOK,KG461
2009-03-29,🚲,サイクリング,都内、川越,,,上野公園、墨田公園、川越,東京,🌸,40,,,小径車,r&m,BD-1
2009-04-01,🚲,サイクリング,お鷹の道＆野川,,,お鷹の道、野川,東京,🌸,12,,,クロス,DE ROSA,TEAM
2009-04-04,🚲,サイクリング,奥多摩周遊道路,https://connect.garmin.com/app/activity/24055919356,https://drive.google.com/file/d/13i7amjkE67sEva6zPqXp3rwRkD3503MH/view?usp=drivesdk,都民の森[1000m],東京,奥多摩周遊,125,"2,312",6:07,ロード,LOOK,KG585
2009-04-05,🚲,サイクリング,都内,https://connect.garmin.com/app/activity/24055928460,https://drive.google.com/file/d/1R7TsrbdT8zHTJmb7EYYfNY_FsYCcAuYp/view?usp=drivesdk,千鳥ヶ淵公園、目黒川、駒沢オリンピック公園、呑川緑道、野川,東京,🌸,57,732,6:45,小径車,r&m,BD-1
2009-04-11,🚲,サイクリング,奥多摩周遊道路,https://connect.garmin.com/app/activity/24055939511,https://drive.google.com/file/d/18X1WrgmX8lAH1pXrEzpKa4WHV-IkT9jY/view?usp=drivesdk,都民の森[1000m]、都民の森ＴＴ,東京,奥多摩周遊,21,907,1:00,ロード,LOOK,KG585
2009-04-12,🚲,サイクリング,奥多摩周遊道路,https://connect.garmin.com/app/activity/24220904969,https://drive.google.com/file/d/1zj8znhPHhetwwgHCfYNyiZFkQf5fmFRP/view?usp=drivesdk,都民の森[1000m]、都民の森ＴＴ,東京,奥多摩周遊,21,907,0:58,ロード,LOOK,KG585
2009-04-19,🚲,レース,ツール・ド・草津,,,国道292号（志賀草津道路）,群馬,,13,,0:46,ロード,LOOK,KG585
2009-04-30,🚲,サイクリング,角島,https://connect.garmin.com/app/activity/24055978194,https://drive.google.com/file/d/1n5sogRyLYMTkAwppIPiUQUBE_8l9Wzsd/view?usp=drivesdk,別府弁天池、角島、秋吉台,山口,,166,"2,167",8:01,ロード,LOOK,KG585
2009-05-01,🚲,サイクリング,萩,https://connect.garmin.com/app/activity/24055996547,https://drive.google.com/file/d/1zovfNnPfW5jEsJqdYbttMSa3PJG5bjyY/view?usp=drivesdk,笠山[112m]、松下村塾、東光寺、城下町、萩城跡,山口,,28,259,4:05,ロード,LOOK,KG461
2009-05-02,🚲,サイクリング,宇部から津和野,https://connect.garmin.com/app/activity/17945873023,https://drive.google.com/file/d/1NXefuEFTUOLGT1M3n-u60qu5Nw7_A9Vd/view?usp=drivesdk,野谷峠[310m]、津和野、龍福寺、瑠璃光寺、周防大橋,島根、山口,,183,"1,735",10:30,ロード,LOOK,KG585
2009-05-03,🚲,サイクリング,下関,,,唐戸,山口,,20,,,小径車,r&m,BD-1
2009-06-07,🚲,レース,第6回 Mt.富士ヒルクライム,,,富士スバルライン,山口,,24,"1,255",1:23,ロード,LOOK,KG585
2009-06-17,🚲,サイクリング,都内,,,新宿、六本木、皇居、新宿職安通り,東京,,70,,,クロス,DE ROSA,TEAM
2009-06-20,🚲,サイクリング,お台場のガンダム,https://connect.garmin.com/app/activity/24056084432,https://drive.google.com/file/d/1rVxllmHbIVY5Ln2BKBgSYIUSN2bokYNx/view?usp=drivesdk,お台場、皇居,東京,,78,,6:28,ロード,LOOK,KG461
2009-06-24,🚲,サイクリング,都内,https://connect.garmin.com/app/activity/24056102272,https://drive.google.com/file/d/1l2_h5C3JTOrvCifHvx6U9WvreH2yRwCL/view?usp=drivesdk,新宿、六本木、皇居、新宿職安通り,東京,,61,446,3:39,クロス,DE ROSA,TEAM
2009-07-05,🚲,サイクリング,奥秩父一周,https://connect.garmin.com/app/activity/24032367257,https://drive.google.com/file/d/1pYtIubYsgifDxDz2eBGyzL0gNdl8bcix/view?usp=drivesdk,道の駅「両神温泉薬師の湯」、両神山登山口、志賀坂峠[876m]、ぶどう峠[1510m]、十石峠[1351m]、土坂峠[770m],群馬、埼玉、長野,,185,"3,628",9:23,ロード,LOOK,KG585
2009-07-12,🚲,サイクリング,都内,https://connect.garmin.com/app/activity/24056129735,https://drive.google.com/file/d/1oiZtdeHPssYx6PWcX-LRDoNvZDsxKgEL/view?usp=drivesdk,中野、六義園、旧古河庭園、旧岩崎邸庭園、桃園川緑道,東京,,71,507,6:13,クロス,DE ROSA,TEAM
2009-07-18,🚲,サイクリング,千葉の埴輪と飛行機,https://connect.garmin.com/app/activity/24056141114,https://drive.google.com/file/d/1DIxN5kQ7AFEFt4btgi1cLaK34IjPJ8Wv/view?usp=drivesdk,古墳はにわ博物館、航空科学博物館、国立歴史民族博物館,千葉,,20,141,1:55,クロス,DE ROSA,TEAM
2009-07-20,🚲,サイクリング,龍岡城と田口峠,https://connect.garmin.com/app/activity/24056154452,https://drive.google.com/file/d/1io93l_rqNriL3tVF6RG4Ipv3e5aRSUCX/view?usp=drivesdk,志賀坂峠[876m]、十石峠[1351m]、龍岡城、田口峠[1120m]、塩の沢峠[1060m],群馬、埼玉、長野,,165,"4,172",9:24,ロード,LOOK,KG585
2009-08-10,🚲,サイクリング,東北ツーリング・奥入瀬,https://connect.garmin.com/app/activity/24056191250,https://drive.google.com/file/d/16YziVNwIxpeuv5hLh7dZWtgBx36KIrK4/view?usp=drivesdk,八甲田山手前、奥入瀬、十和田湖、ピラミッド、キリストの墓,青森,,131,"1,721",10:00,ロード,LOOK,KG461
2009-08-11,🚲,サイクリング,東北ツーリング・青森の博物館と史跡,https://connect.garmin.com/app/activity/24056224580,https://drive.google.com/file/d/1zfFpE57QbTSMYG4RMN8YRGamFIkwkIca/view?usp=drivesdk,青森港、三内丸山遺跡、浪岡、亀ヶ岡、弘前城,青森,,12,,2:52,ロード,LOOK,KG461
2009-08-12,🚲,サイクリング,東北ツーリング・八幡平,https://connect.garmin.com/app/activity/24056247425,https://drive.google.com/file/d/1pzD2HmVhot5fbEzrVZWEIWeDeenu5IQ0/view?usp=drivesdk,八幡平、道の駅「石神の丘」、田代平高原(七時雨山荘),秋田、岩手,,157,"2,682",8:15,ロード,LOOK,KG461
2009-08-14,🚲,サイクリング,東北ツーリング・磐梯吾妻,https://connect.garmin.com/app/activity/24056261867,https://drive.google.com/file/d/11dHBBQZO8x3dNuetregrhsMEA72-ta68/view?usp=drivesdk,磐梯吾妻スカイライン、磐梯吾妻レークライン,千葉,,114,"2,820",8:09,ロード,LOOK,KG585
2009-08-22,🚲,サイクリング,東村山散策,,,八国山緑地、東村山ふるさと歴史館、六道山[192m],東京,,35,,,MTB,SPECIALIZED,Epic Marathon
2009-09-20,🚲,レース,SDA王滝,https://connect.garmin.com/app/activity/24056285903,https://drive.google.com/file/d/1MRFB_gbTQ-Dmp65l0xlSSWEH0YKpsz0n/view?usp=drivesdk,王滝村,長野,,95,"3,627",7:37,MTB,SPECIALIZED,Epic Marathon
2009-09-23,🚲,サイクリング,都内,,,秋葉原、妙法寺,東京,,60,,,ロード,LOOK,KG461
2009-09-26,🚲,サイクリング,中野区、板橋区、練馬区,https://connect.garmin.com/app/activity/24056306534,https://drive.google.com/file/d/1V4pIN1Xd7ENczMIyz3cLeUw2N-uLfnKo/view?usp=drivesdk,谷端川緑道、志村城、東京大仏、赤塚城、石神井城,東京,,70,274,7:06,ロード,LOOK,KG461
2009-10-04,🚲,サイクリング,クリスタルライン,https://connect.garmin.com/app/activity/24056318926,https://drive.google.com/file/d/1sGpuTm7njUh29qMvGqfjehkjvqyCgddG/view?usp=drivesdk,高須林道、本谷釜瀬林道、木賊峠[1670m]、乙女高原、柳沢峠[1472m],東京、山梨、長野,,170,"4,070",9:05,ロード,LOOK,KG461
2009-10-10,🚲,サイクリング,林道井川雨畑線・途中まで,https://connect.garmin.com/app/activity/24056339261,https://drive.google.com/file/d/1xcvnX2b9v_-uR5XyCv8DK2Ee7gzCtFRL/view?usp=drivesdk,林道井川雨畑線,山梨,,63,"2,439",3:17,ロード,LOOK,KG461
2009-10-12,🚲,サイクリング,幻の林道井川雨畑線＆安倍峠,https://yamap.com/activities/37091005,https://drive.google.com/file/d/1a6PcxLRMm-ZnnabR4Cqm4ACP0ojXkd_r/view?usp=drivesdk,林道井川雨畑線、安倍峠[1422m],山梨、静岡,,172,"4,258",10:45,ロード,LOOK,KG461
2009-11-01,🚲,サイクリング,見沼代用水路、芝川,https://connect.garmin.com/app/activity/24056365105,https://drive.google.com/file/d/1kC-1K_uJ4E5U59-DrsN27hweUkFXP-IZ/view?usp=drivesdk,大宮公園、見沼代用水路、芝川、新東京タワー,山梨,,68,289,6:48,小径車,r&m,BD-1
2009-11-08,🚲,サイクリング,世田谷の緑道巡り,https://connect.garmin.com/app/activity/24056387035,https://drive.google.com/file/d/1Uhf5iEDDXt3L3Lqk3XjJMUFJimg4J3g0/view?usp=drivesdk,烏山川緑道、蛇崩川緑道、長谷川町子美術館、北沢川緑道,東京,,85,348,7:17,ロード,LOOK,KG461
2009-12-06,🚲,サイクリング,都内,https://connect.garmin.com/app/activity/24056405052,https://drive.google.com/file/d/19fBKllusNR5tjui3yyaCBkNWbOIJaf5h/view?usp=drivesdk,神宮外苑、十思公園、警察博物館,東京,,84,766,7:40,クロス,DE ROSA,TEAM
2009-12-23,🚲,サイクリング,都内,https://connect.garmin.com/app/activity/24056420299,https://drive.google.com/file/d/152NrK1k7XgoJJQHEZrXVfYRPkKs4OJGi/view?usp=drivesdk,多摩川台、立会川、大田区立郷土博物館、レインボーブリッジ,東京,,98,766,8:52,クロス,DE ROSA,TEAM
2009-12-27,🚲,サイクリング,都内,https://connect.garmin.com/app/activity/24056432166,https://drive.google.com/file/d/1c7bBdEQswmtR8Kusw2q1SPlWHSGMU-Cf/view?usp=drivesdk,キャロットタワー、東京駅周辺のアンテナショップ,東京,,79,733,7:11,クロス,DE ROSA,TEAM
2009-12-30,🚲,サイクリング,山口県防府市散策,,,飛行機輪行、三田尻埠頭、周防国分寺、防府天満宮、周防国衙跡,山口,,10,,,小径車,r&m,BD-1
2009-12-31,🚲,サイクリング,下関長府城下町,,,唐戸、長府,山口,,10,,,小径車,r&m,BD-1
2010-01-02,🚲,サイクリング,秋吉台、山口市湯田温泉,,,秋吉台、洞春寺、香山公園、湯田温泉,山口,,10,,,小径車,r&m,BD-1
2010-01-04,🚲,サイクリング,新宿のアンテナショップ,,,新宿宮崎館ＫＯＮＮＥ、広島ゆめてらす、国宝土偶展,東京,,48,,,クロス,DE ROSA,TEAM
2010-01-11,🚲,サイクリング,房総のむら、印旛沼,https://connect.garmin.com/app/activity/24056579359,https://drive.google.com/file/d/15d20jNFKChCxK2-UfHGyQxURS8BhFDvT/view?usp=drivesdk,風土記の丘資料館、古墳群、印旛沼自転車道,千葉,,55,125,3:36,クロス,DE ROSA,TEAM
2010-01-17,🚲,サイクリング,都内,https://connect.garmin.com/app/activity/24056625692,https://drive.google.com/file/d/1ZiwYbNqibx3p1DcCGQx4ASIi1nY7BhW1/view?usp=drivesdk,浅草、押上、築地、月島、晴海埠頭、皇居,東京,,42,824,6:58,クロス,DE ROSA,TEAM
2010-01-24,🚲,サイクリング,府中周辺散策,https://connect.garmin.com/app/activity/24056660715,https://drive.google.com/file/d/1RLnXX1bqS6i9oOL2Yl7Ea25kXxeiDbBi/view?usp=drivesdk,新田川緑道、二ヶ村緑道、大國魂神社、高幡不動,東京,,38,,5:09,小径車,r&m,BD-1
2010-02-28,🚲,サイクリング,都内,https://connect.garmin.com/app/activity/24056697033,https://drive.google.com/file/d/1r8ufNqoC8FvQNDlA1nJV5v08Z2zzs4oB/view?usp=drivesdk,目黒寄生虫博物館,東京,,70,285,5:25,クロス,DE ROSA,TEAM
2010-03-21,🚲,サイクリング,都内,https://connect.garmin.com/app/activity/24059754986,https://drive.google.com/file/d/1tONPtDYfIwnvlnqAQ_J3Bn0eYfjoNuD2/view?usp=drivesdk,野川、呑川、増上寺、隅田川、駒込,東京,🌸,112,696,9:30,ロード,LOOK,KG461
2010-03-27,🚲,サイクリング,都内,https://connect.garmin.com/app/activity/24059797079,https://drive.google.com/file/d/1t-YlSr8KP-aXgWMbY4H3L4Af6Ykt9yFF/view?usp=drivesdk,井の頭公園、神田川、上野公園,東京,🌸,75,,5:29,クロス,DE ROSA,TEAM
2010-03-28,🚲,サイクリング,大岡川の桜,https://connect.garmin.com/app/activity/24059886769,https://drive.google.com/file/d/1ZiUsBid9Soff11swFQ1LHXWuOxJqSkDc/view?usp=drivesdk,大岡川,東京、神奈川,🌸,98,,7:08,ロード,LOOK,KG461
2010-04-03,🚲,サイクリング,多摩、都内,https://connect.garmin.com/app/activity/24059945632,https://drive.google.com/file/d/1s8nY6Ewft02eBykF_Kl03h9CwDgV3myB/view?usp=drivesdk,野川、呑川緑道、目黒川、立会川緑道、神田川,東京,🌸,81,,8:53,クロス,DE ROSA,TEAM
2010-04-04,🚲,サイクリング,奥多摩周遊道路,,,都民の森[1000m],東京,奥多摩周遊,110,"1,000",,ロード,LOOK,KG585
2010-04-06,🚲,サイクリング,野川の桜のライトアップ,,,野川,東京,🌸,1,,,クロス,DE ROSA,TEAM
2010-04-10,🚲,サイクリング,伊豆一周断念,https://connect.garmin.com/app/activity/24060007471,https://drive.google.com/file/d/1Dmb_8SPu5Y3mp_pGcG78plMTJhDGPSWT/view?usp=drivesdk,道の駅「伊豆のへそ」、亀石峠[451m],静岡,伊豆イチ,25,611,1:24,ロード,LOOK,KG585
2010-04-11,🚲,サイクリング,多摩川,https://connect.garmin.com/app/activity/24060050942,https://drive.google.com/file/d/1m5CuPKMh9MFABfFmive3F-kTzfW1N0BU/view?usp=drivesdk,野川、多摩川、国分寺,東京,🌸,81,379,5:55,クロス,DE ROSA,TEAM
2010-04-25,🚲,サイクリング,伊豆一周,https://yamap.com/activities/37090374,https://drive.google.com/file/d/1_zkdvrmy-eMsLny1GN41uZzedPmTpnvV/view?usp=drivesdk,道の駅「伊豆のへそ」、亀石峠[451m]、弓ヶ浜,静岡,伊豆イチ,197,"4,682",10:07,ロード,LOOK,KG585
2010-04-30,🚲,サイクリング,磐梯吾妻スカイライン,https://connect.garmin.com/app/activity/24060122061,https://drive.google.com/file/d/12A5L6cBEZ0tMCJbJ-Np-bZDkK9U7n8zS/view?usp=drivesdk,浄土平,福島,,90,"2,184",5:57,ロード,LOOK,KG461
2010-05-02,🚲,サイクリング,三浦半島,https://connect.garmin.com/app/activity/24060185920,https://drive.google.com/file/d/1UNEGPUcd61N19RzISE1_SE6tU9WDSyNI/view?usp=drivesdk,横須賀市街、浦賀、三崎,神奈川,,60,408,10:57,クロス,DE ROSA,TEAM
2010-05-03,🚲,サイクリング,都内,https://connect.garmin.com/app/activity/24060222814,https://drive.google.com/file/d/1RthL8khWgI9XbuH9pgfIN-Yixr1ifh5G/view?usp=drivesdk,見沼代親水公園、伊興遺跡、白旗塚古墳、スカイツリー(建設中),埼玉、東京,,23,33,3:16,小径車,r&m,BD-1
2010-05-09,🚲,サイクリング,都内,,,秋葉原,東京,,50,,,小径車,r&m,BD-1
2010-05-16,🚲,サイクリング,都内,https://connect.garmin.com/app/activity/24060303161,https://drive.google.com/file/d/1akgQt8lYaNpqGcy2TEzWgvaHU764WErM/view?usp=drivesdk,東京湾岸、若洲海浜公園、東京ゲートブリッジ(建設中)、お台場、築地,東京,,57,,5:24,クロス,DE ROSA,TEAM
2010-05-22,🚲,サイクリング,小沢峠,https://connect.garmin.com/app/activity/24060364799,https://drive.google.com/file/d/1-wDYQHjPn3HjXEHpocXU8lU6u_2xXDO1/view?usp=drivesdk,小沢峠[342m],埼玉、東京,,67,603,4:22,ロード,LOOK,KG585
2010-06-12,🚲,サイクリング,奥多摩周遊道路,,,都民の森[1000m],東京,奥多摩周遊,110,"1,000",,ロード,LOOK,KG585
2010-06-19,🚲,サイクリング,奥多摩周遊道路,,,都民の森[1000m],東京,奥多摩周遊,110,"1,000",,ロード,LOOK,KG585
2010-06-27,🚲,レース,チャレンジヒルクライム岩木山2010,https://connect.garmin.com/app/activity/24060389382,https://drive.google.com/file/d/1Ulk6hoYQjqs8iReW1adMC8VfLzVb1diB/view?usp=drivesdk,岩木山[1625m],青森,,14,947,0:58,ロード,LOOK,KG585
2010-07-03,🚲,サイクリング,奥多摩周遊道路,https://connect.garmin.com/app/activity/24218883967,https://drive.google.com/file/d/1pq-XhG2PTxVUFKv2z7BUufL6njYZKU6X/view?usp=drivesdk,都民の森[1000m],東京,奥多摩周遊,110,"1,000",,ロード,LOOK,KG585
2010-07-04,🚲,サイクリング,奥多摩周遊道路,https://connect.garmin.com/app/activity/24218820582,https://drive.google.com/file/d/1BF4Pe7q_SqhNVwgSEOuvIdNX2uOha9O5/view?usp=drivesdk,都民の森[1000m],東京,奥多摩周遊,110,"1,000",,ロード,LOOK,KG585
2010-07-10,🚲,サイクリング,奥多摩周遊道路,https://connect.garmin.com/app/activity/24219000853,https://drive.google.com/file/d/1WIWQTLAY3pNpdMukI6-29EyxZjTYRjfc/view?usp=drivesdk,都民の森[1000m],東京,奥多摩周遊,110,"1,000",,ロード,LOOK,KG585
2010-07-17,🚲,イベント,奥多摩周遊道路,https://connect.garmin.com/app/activity/24218743724,https://drive.google.com/file/d/198ThmxXW6V05zT0-dvhDgkvCkl4pOoA1/view?usp=drivesdk,都民の森[1000m]、都民の森ＴＴ,東京,奥多摩周遊,21,907,0:59,ロード,LOOK,KG585
2010-07-19,🚲,サイクリング,大弛峠,https://connect.garmin.com/app/activity/24060455048,https://drive.google.com/file/d/1DGvwTIH7AUrp04m15LPPLxDcw7vNPtQV/view?usp=drivesdk,大弛峠[2360m],山梨,,59,"2,114",4:42,ロード,LOOK,KG585
2010-08-01,🚲,サイクリング,多摩散策,,,武蔵小金井、東小金井、武蔵境、三鷹、井の頭公園,東京,,35,,,クロス,DE ROSA,TEAM
2010-08-08,🚲,サイクリング,江ノ島、横浜,https://connect.garmin.com/app/activity/24060488061,https://drive.google.com/file/d/1q8WxjvHFZa0isMPMb8HznyK7pUigmBPL/view?usp=drivesdk,鶴見川源流、境川、江ノ島、みなとみらい、鶴見川,東京、神奈川,,148,825,8:59,ロード,LOOK,KG585
2010-08-15,🚲,サイクリング,柳沢峠,https://connect.garmin.com/app/activity/24060548150,https://drive.google.com/file/d/1yR2nDjsntOJaG-wpObxMXUOHVvVWX_Nc/view?usp=drivesdk,柳沢峠[1472m]、今川峠[947m],東京、山梨,,177,"2,300",9:13,ロード,LOOK,KG585
2010-08-22,🚲,サイクリング,柳沢峠,https://connect.garmin.com/app/activity/24060588736,https://drive.google.com/file/d/1UQQjb_jFehDp2kLcPEUtQLPsjxLRLqth/view?usp=drivesdk,柳沢峠[1472m]、羽村の根搦み前水田,東京、山梨,,173,"2,400",8:34,ロード,LOOK,KG585
2010-08-29,🚲,レース,マウンテンサイクリングin乗鞍,https://connect.garmin.com/app/activity/24060625165,https://drive.google.com/file/d/1FXimVAbGedsv4NFhpCOx5wibhbeOdDiR/view?usp=drivesdk,乗鞍エコーライン、畳平[2702m],長野,乗鞍,21,"1,260",1:25,ロード,LOOK,KG585
2010-09-20,🚲,サイクリング,都内,https://connect.garmin.com/app/activity/24060692718,https://drive.google.com/file/d/12oAka3NiKAJR_VmFmR95IWikdD66Zd58/view?usp=drivesdk,深川,東京,,55,406,7:35,小径車,r&m,BD-1
2010-09-26,🚲,サイクリング,荒川,https://connect.garmin.com/app/activity/24060752034,https://drive.google.com/file/d/1TDnJMUa5LYNQHPNwW_8JWI6Q5SBoZEWJ/view?usp=drivesdk,川越、荒川、赤羽、秋葉原、新宿,埼玉、東京,,88,454,7:02,小径車,r&m,BD-1
2010-10-24,🚲,サイクリング,都内,https://connect.garmin.com/app/activity/24060808321,https://drive.google.com/file/d/1ejz5TAeHkXRyfZ3500eWkOFVZZ7CveyM/view?usp=drivesdk,スカイツリー、高円寺フェス,東京,,92,,9:23,クロス,DE ROSA,TEAM
2010-10-26,🚲,サイクリング,都内,https://connect.garmin.com/app/activity/24060825745,https://drive.google.com/file/d/1ZQ0ZtMWRvzyCjmkIZBzdSxG0GUB74G--/view?usp=drivesdk,古河庭園,東京,,48,425,8:31,クロス,DE ROSA,TEAM
2010-10-31,🚲,サイクリング,都内,https://connect.garmin.com/app/activity/24060878656,https://drive.google.com/file/d/1mRurLqJkRCSbZADxor-qPusuu71Q0s77/view?usp=drivesdk,新宿、都電、秋葉原,東京,,82,,7:18,ロード,ORBEA,ONIX
2010-11-07,🚲,サイクリング,都内,https://connect.garmin.com/app/activity/24060923667,https://drive.google.com/file/d/17ySSCRNqHW0ZsGK6c5nZyUa_euf5WpfI/view?usp=drivesdk,神宮外苑、秋葉原,東京,,71,547,5:34,クロス,DE ROSA,TEAM
2010-11-14,🚲,サイクリング,都内,https://connect.garmin.com/app/activity/24060976821,https://drive.google.com/file/d/1P84XYb_o2eByKFLvIybfEdaGmL379KL_/view?usp=drivesdk,世界貿易センタービルの展望台、神宮の銀杏並木,東京,🍁,77,743,7:03,ロード,ORBEA,ONIX
2010-11-21,🚲,サイクリング,都内,https://connect.garmin.com/app/activity/24061039005,https://drive.google.com/file/d/1gviVSkQIu-aidzQUNpQbsyGxD5_HCGl-/view?usp=drivesdk,東京都庁展望室、神宮の銀杏並木,東京,🍁,64,,6:48,クロス,DE ROSA,TEAM
2010-11-23,🚲,サイクリング,河口湖の紅葉,https://connect.garmin.com/app/activity/24061063100,https://drive.google.com/file/d/1dcMxK2L1IvZdEijb7WUEWPGBu0DBzg_c/view?usp=drivesdk,サイクルトレイン、もみじ回廊,山梨,🍁,34,254,5:22,クロス,DE ROSA,TEAM
2010-11-28,🚲,サイクリング,都内,https://connect.garmin.com/app/activity/24061115511,https://drive.google.com/file/d/17neMmJryoHXL1BEwajgUhF526FZRDWBR/view?usp=drivesdk,西新宿、神宮の銀杏並木、皇居,東京,🍁,64,,4:24,クロス,GIANT,Escape R3
2010-12-05,🚲,サイクリング,鎌倉の紅葉,https://connect.garmin.com/app/activity/24061177981,https://drive.google.com/file/d/1q4ghxAJhbEnSlLzx44kj1aeQSvfVX45e/view?usp=drivesdk,浄光明寺、海蔵寺、源氏山公園、覚園寺、瑞泉寺、大仏、長谷寺,神奈川,🍁,41,,10:33,小径車,r&m,BD-1
2011-01-09,🚲,サイクリング,入間川、荒川,https://connect.garmin.com/app/activity/24061253725,https://drive.google.com/file/d/148uAk9XXmq3PPgWxzZokG4a2NWUhdDZy/view?usp=drivesdk,入間川、荒川,埼玉、東京,,143,,7:56,ロード,ORBEA,ONIX
2011-02-26,🚲,サイクリング,河津と下賀茂の桜,https://connect.garmin.com/app/activity/24061281012,https://drive.google.com/file/d/15R8VmqrKf-ZjOt-xHFyNRdHO0kDu0nQP/view?usp=drivesdk,河津川、下賀茂,静岡,🌸,7,108,1:48,ロード,ORBEA,ONIX
2011-03-05,🚲,サイクリング,本庄のはにわ,https://connect.garmin.com/app/activity/24061328123,https://drive.google.com/file/d/13CyB1VpbGndaT1weIkN4U6-3XouS4NUR/view?usp=drivesdk,本庄市立歴史民俗資料館、世界最古の自転車,埼玉、東京,,191,"1,597",10:04,ロード,ORBEA,ONIX
2011-03-06,🚲,サイクリング,都内,https://connect.garmin.com/app/activity/24061373083,https://drive.google.com/file/d/1r_-Z6vDMUPlQaplhBUkWgy0xG0AYNFs7/view?usp=drivesdk,大田区、呑川、池上梅園、荏原町商店街、戸越銀座,東京,💮,31,176,5:49,クロス,DE ROSA,TEAM
2011-03-13,🚲,サイクリング,都内,https://connect.garmin.com/app/activity/24061397816,https://drive.google.com/file/d/1LtoyxomCZD9x-QOSDiDmV7PfpPVPOs3V/view?usp=drivesdk,野川、深大寺、二子玉川,東京,,54,222,8:35,クロス,DE ROSA,TEAM
2011-03-17,🚲,サイクリング,都内,https://connect.garmin.com/app/activity/24079000047,https://drive.google.com/file/d/1VgiXNcs4UIHtF_UofQtGFF2fqWsJihJR/view?usp=drivesdk,新宿西口（計画停電中）,東京,,46,334,2:57,クロス,DE ROSA,TEAM
2011-03-20,🚲,サイクリング,奥武蔵ぶらり,https://connect.garmin.com/app/activity/24079019789,https://drive.google.com/file/d/1bYMOvutd_FVT1dg0bHlSNjfIo80Dt-if/view?usp=drivesdk,山伏峠[621m]、釜伏峠[540m]、二本木峠[590m]、定峰峠[613m]、白石峠[761m]、グリーンライン,埼玉、東京,,163,"2,802",9:14,ロード,LOOK,KG585
2011-03-27,🚲,サイクリング,湘南,https://connect.garmin.com/app/activity/24079038895,https://drive.google.com/file/d/1UAIyv8WLy25khKyKMP1bkixRqALcl8TQ/view?usp=drivesdk,境川、江ノ島、サザンビーチ、相模国分寺跡、座間谷戸山公園,東京、神奈川,,131,,7:22,ロード,ORBEA,ONIX
2011-04-02,🚲,サイクリング,奥多摩周遊道路,https://connect.garmin.com/app/activity/24079066723,https://drive.google.com/file/d/1C4NOhy0hhdPzFELRfeb6DoCoqFEsCBUT/view?usp=drivesdk,都民の森[1000m],東京,奥多摩周遊,105,"1,555",5:54,ロード,LOOK,KG585
2011-04-03,🚲,サイクリング,都内,https://connect.garmin.com/app/activity/24079080433,https://drive.google.com/file/d/1eHHPAR0z6SeUImkdfG5-7d8df-iMrnZZ/view?usp=drivesdk,吞川、蛇崩川緑道、目黒川,東京,🌸,38,,6:04,クロス,DE ROSA,TEAM
2011-04-07,🚲,サイクリング,都内,https://connect.garmin.com/app/activity/24079099296,https://drive.google.com/file/d/1QKHIdVFHf1vLZXBEY0JABIpqPGah9gw_/view?usp=drivesdk,皇居,東京,🌸,26,,4:05,クロス,DE ROSA,TEAM
2011-04-08,🚲,サイクリング,都内,https://connect.garmin.com/app/activity/24079109718,https://drive.google.com/file/d/1OiEziyp14Ymx0KCZ_-bhcH4MwemErcX-/view?usp=drivesdk,野川、目黒川、皇居,東京,🌸,66,,4:04,ロード,ORBEA,ONIX
2011-04-09,🚲,サイクリング,多摩,https://connect.garmin.com/app/activity/24079130502,https://drive.google.com/file/d/1SoOZnlq7-XWvDZh4zOeDj2kTFaDZIcs0/view?usp=drivesdk,野川、深大寺、多摩川、国立,東京,🌸,63,,7:21,クロス,DE ROSA,TEAM
2011-04-17,🚲,レース,ツール・ド・草津,https://connect.garmin.com/app/activity/24079232962,https://drive.google.com/file/d/1ApwCOzBQ6OB1cGVM_ySzo6hutFHxEALI/view?usp=drivesdk,国道292号（志賀草津道路）,群馬,,13,791,0:50,ロード,LOOK,KG585
2011-04-30,🚲,サイクリング,都内,https://connect.garmin.com/app/activity/24079258280,https://drive.google.com/file/d/15bIqv93oEs_6yuuW2r6qiexChLEQXYdB/view?usp=drivesdk,秋葉原、皇居,東京,,40,,4:20,小径車,r&m,BD-1
2011-05-01,🚲,サイクリング,神奈川,https://connect.garmin.com/app/activity/24079270335,https://drive.google.com/file/d/1JpfeDKsbYzCRH_2IlLUkrsrIhERAXOwu/view?usp=drivesdk,多摩川、新子安,神奈川,,44,115,4:10,小径車,r&m,BD-1
2011-05-02,🚲,サイクリング,京都(1/2),https://connect.garmin.com/app/activity/24079283733,https://drive.google.com/file/d/1-zx8HHJiQK1smHWfq9MlvSNp9ldG95Py/view?usp=drivesdk,三年坂、二年坂、祇園、知恩院、哲学の道、二条城,京都,,31,,12:00,ロード,ORBEA,ONIX
2011-05-03,🚲,サイクリング,京都(2/2),https://connect.garmin.com/app/activity/24079309374,https://drive.google.com/file/d/15fIAszT6_O4S-j82P0VxsKyXv30pd1eM/view?usp=drivesdk,京都御所、金閣寺、龍安寺、仁和寺、大覚寺、嵐山,京都,,37,277,8:16,ロード,ORBEA,ONIX
2011-05-08,🚲,サイクリング,都内,https://connect.garmin.com/app/activity/24079334780,https://drive.google.com/file/d/1Rr-gZQfAq18pvARzvmoVvg74yWzVOMK6/view?usp=drivesdk,秋葉原,東京,,45,419,5:55,小径車,r&m,BD-1
2011-05-22,🚲,サイクリング,湘南周辺,https://connect.garmin.com/app/activity/24079345246,https://drive.google.com/file/d/11KhNtulR6lgCPoV3dFzYWQCchXNReKqz/view?usp=drivesdk,サザンビーチ、湘南平、石田牧場、柏木牧場、飯田牧場,神奈川,,70,385,7:35,ロード,ORBEA,ONIX
2011-06-04,🚲,サイクリング,柳沢峠,https://connect.garmin.com/app/activity/24079364150,https://drive.google.com/file/d/1yDEIo5RSI5FgZur8KQb6SI7kiQfB4dFz/view?usp=drivesdk,柳沢峠[1472m],東京、山梨,,170,"1,800",9:02,ロード,LOOK,KG585
2011-06-05,🚲,サイクリング,横浜港北,https://connect.garmin.com/app/activity/24079375511,https://drive.google.com/file/d/14dLuVLVmIziwzxgkXsmu4mTuA6bTGy3J/view?usp=drivesdk,鶴見川、寺家ふるさと村、鶴見川源流,東京、神奈川,,63,364,6:12,ロード,ORBEA,ONIX
2011-06-12,🚲,サイクリング,鎌倉,https://connect.garmin.com/app/activity/24079387571,https://drive.google.com/file/d/1IAdaH5logCW8BYeMzSTl3InJLJ8hdo0y/view?usp=drivesdk,明月院、東慶寺、浄智寺、杉本寺、妙本寺、大船観音,神奈川,,30,,7:35,クロス,DE ROSA,TEAM
2011-07-03,🚲,サイクリング,柳沢峠,https://connect.garmin.com/app/activity/24079400874,https://drive.google.com/file/d/1Jncj-S2nzvNqxCOSMuH1xtnZ-NBqZCpT/view?usp=drivesdk,柳沢峠[1472m],東京、山梨,,165,"1,800",8:23,ロード,ORBEA,ONIX
2011-07-10,🚲,サイクリング,柳沢峠,https://connect.garmin.com/app/activity/24079408970,https://drive.google.com/file/d/1M5aJqneJCdYTdeU4EXBK-_bDzjHds6Eu/view?usp=drivesdk,柳沢峠[1472m],東京、山梨,,172,"1,800",9:24,ロード,ORBEA,ONIX
2011-07-24,🚲,サイクリング,柳沢峠,https://connect.garmin.com/app/activity/24079419266,https://drive.google.com/file/d/1sJVNHoqXZVQ4SuPaScyopgsO3qbMG-87/view?usp=drivesdk,柳沢峠[1472m]、阿蘇神社,東京、山梨,,175,"1,800",9:31,ロード,Cannondale,CAAD10
2011-08-07,🚲,サイクリング,柳沢峠、一之瀬,https://connect.garmin.com/app/activity/24079437081,https://drive.google.com/file/d/1tLsfQAFr42Yzv0Zg8bc7cEmiv8vDrtf2/view?usp=drivesdk,柳沢峠[1472m]、一之瀬、阿蘇神社,東京、山梨,,186,"2,100",9:59,ロード,Cannondale,CAAD10
2011-08-17,🚲,サイクリング,瑞牆山,,,瑞牆湖、瑞牆山[2230m],山梨,,60,,,ロード,ORBEA,ONIX
2011-08-18,🚲,サイクリング,奥多摩周遊道路,,,都民の森[1000m],東京,奥多摩周遊,50,,,ロード,Cannondale,CAAD10
2011-08-19,🚲,サイクリング,ヤビツ,,,宮ヶ瀬湖、ヤビツ峠[761m],神奈川,,70,,,ロード,Cannondale,CAAD10
2011-09-04,🚲,サイクリング,都内,,,東京都庁展望室、秋葉原,東京,,70,,,ロード,ORBEA,ONIX
2011-09-11,🚲,サイクリング,かかしづくし,,,川越・山田のかかし、南古谷のかかし、深川のかかし,埼玉,,30,,,小径車,r&m,BD-1
2011-09-18,🚲,サイクリング,海老名のかかし,https://connect.garmin.com/app/activity/24079475728,https://drive.google.com/file/d/1Hi1HzmFsDwguakbY1dsW8JC3Z3cQKw-5/view?usp=drivesdk,泉の森の曼珠沙華、海老名のかかしまつり、相模国分寺跡,神奈川,,30,199,5:25,ロード,ORBEA,ONIX
2011-09-23,🚲,サイクリング,江の島,https://connect.garmin.com/app/activity/24079548642,https://drive.google.com/file/d/1zVk6zuM32rntdVnQ_37X12C-qJQlwv6H/view?usp=drivesdk,江の島,東京、神奈川,,124,,7:21,ロード,Cannondale,CAAD10
2011-09-25,🚲,サイクリング,横浜散策,https://connect.garmin.com/app/activity/24079571868,https://drive.google.com/file/d/1HKBq__f2-oMwNYtjmB-p0kk3rW-FwhQk/view?usp=drivesdk,みなとみらい、山下公園、伊勢佐木町,東京、神奈川,,107,,10:04,クロス,DE ROSA,TEAM
2011-10-01,🚲,サイクリング,裏ヤビツと宮ヶ瀬湖,https://connect.garmin.com/app/activity/24079583335,https://drive.google.com/file/d/1n_oLPC8myZMj570xs5Kqba3j4XXSVjNN/view?usp=drivesdk,ヤビツ峠[761m]、水の郷、宮ヶ瀬ダム、服部牧場,神奈川,,57,877,6:31,ロード,ORBEA,ONIX
2011-10-02,🚲,サイクリング,都内,,,アメ横,東京,,70,,,ロード,ORBEA,ONIX
2011-10-08,🚲,サイクリング,箱根,https://connect.garmin.com/app/activity/24079595411,https://drive.google.com/file/d/1yn52AVq6rllZoRPXzreWFwQJErN5O33x/view?usp=drivesdk,林道足柄幹線、仙石原、駒ヶ岳ロープウェイ、甘酒茶屋,神奈川,,51,"1,621",7:17,ロード,Cannondale,CAAD10
2011-10-10,🚲,サイクリング,箱根の林道,https://connect.garmin.com/app/activity/24079610537,https://drive.google.com/file/d/1F7xsIU95yUXcdFHZb24llldwwdm38d9d/view?usp=drivesdk,足柄峠[759m]、箱根やまなみ林道、山中城跡,神奈川、静岡,,112,"2,814",8:17,ロード,Cannondale,CAAD10
2011-10-23,🚲,サイクリング,ジャパンカップ観戦,https://connect.garmin.com/app/activity/24079623465,https://drive.google.com/file/d/1cdHh39qzyVKeo11Saoxcb78thliAw2XE/view?usp=drivesdk,,栃木,,20,,4:40,ロード,Cannondale,CAAD10
2011-10-27,🚲,サイクリング,蓼科,,https://drive.google.com/file/d/1btsJKp3Gb6CEYRzMhKCbNF3WjZv13muP/view?usp=drivesdk,蓼科,長野,,25,,5:05,ロード,Cannondale,CAAD10
2011-11-13,🚲,サイクリング,丹沢湖、大野山,https://connect.garmin.com/app/activity/24079644330,https://drive.google.com/file/d/13JuQcKsOdNaczn0oJeKlo84cIKGCEAfO/view?usp=drivesdk,洒水の滝、丹沢湖、大野山[723m],神奈川,🍁,59,"1,119",7:00,クロス,DE ROSA,TEAM
2011-11-20,🚲,サイクリング,昇仙峡,https://connect.garmin.com/app/activity/24079656569,https://drive.google.com/file/d/17pV0TZIXs6dscNPX7UWf66cRWL2uv1VO/view?usp=drivesdk,千代田湖、武田の杜、昇仙峡,山梨,🍁,45,"1,063",8:26,ロード,ORBEA,ONIX
2011-11-23,🚲,サイクリング,都内,,,神宮外苑、皇居、丸の内、アメ横,東京,🍁,75,,,ロード,Cannondale,CAAD10
2011-12-11,🚲,サイクリング,都内,,,神宮外苑、秋葉原,東京,🍁,75,,,ロード,Cannondale,CAAD10
2011-12-18,🚲,サイクリング,江の島,https://connect.garmin.com/app/activity/24079704694,https://drive.google.com/file/d/1QeAvtzZCeXzdWN9GFZLAVsOLcQs6F75q/view?usp=drivesdk,江の島,東京、神奈川,🍁,131,753,8:00,ロード,Cannondale,CAAD10
2012-01-07,🚲,サイクリング,さきたま古墳公園,https://connect.garmin.com/app/activity/24079492059,https://drive.google.com/file/d/1SAmBSrWKv2eJ0UAy4ShUVq1O5ODmvcQ_/view?usp=drivesdk,さきたま古墳公園,埼玉、東京,,88,116,4:57,ロード,LOOK,KG585
2012-01-09,🚲,サイクリング,若洲海浜公園,https://connect.garmin.com/app/activity/24079736326,https://drive.google.com/file/d/1_QBkFpnxYzi5pKiC9tgPJypXypHZ2JkI/view?usp=drivesdk,晴海埠頭、若洲海浜公園、お台場,東京,,100,,6:53,ロード,Cannondale,CAAD10
2012-01-22,🚲,サイクリング,多摩湖,,,多摩湖,東京,,25,,,シクロ,Cannondale,CAADX
2012-01-29,🚲,サイクリング,横浜・本牧周辺,https://connect.garmin.com/app/activity/24079746685,https://drive.google.com/file/d/1OEa8UJVdj8Dhys4nelUU9-T0CI5jdtli/view?usp=drivesdk,横浜市電保存館、地蔵王廟、横浜シンボルタワー,神奈川,,56,,9:16,ロード,LOOK,KG461
2012-02-19,🚲,サイクリング,都内,https://connect.garmin.com/app/activity/24079771752,https://drive.google.com/file/d/1mEc0oxPSV2BqQPFmkMVxQl-iU-jHewtw/view?usp=drivesdk,若洲海浜公園、築地、レインボーブリッジ,東京,,45,,5:43,クロス,DE ROSA,TEAM
2012-02-26,🚲,グラベル,多摩湖、狭山湖,https://connect.garmin.com/app/activity/24079780522,https://drive.google.com/file/d/1LhosiHg4tAZU2ZKTroYo8a3mUcydBaff/view?usp=drivesdk,多摩湖自転車道、多摩湖、狭山湖,東京、山梨,,51,,4:46,シクロ,Cannondale,CAADX
2012-03-31,🚲,グラベル,狭山湖,,,多摩湖、狭山湖,埼玉、東京,,35,,,シクロ,Cannondale,CAADX
2012-04-01,🚲,サイクリング,城ヶ島,https://connect.garmin.com/app/activity/24079794318,https://drive.google.com/file/d/11HoWH7AXHu3da7qIomT8gLX6Lvz-87RN/view?usp=drivesdk,江の島、城ヶ島,東京、神奈川,,190,"1,442",10:43,ロード,Cannondale,CAAD10
2012-04-28,🚲,サイクリング,佐倉チューリップフェスタ,https://connect.garmin.com/app/activity/24083755904,https://drive.google.com/file/d/1vMfGdAtVA9wfAtowysntj3ntXRjhKKPR/view?usp=drivesdk,印旛沼自転車道、佐倉チューリップフェスタ、歴博,千葉,🌷,37,150,5:53,ロード,ORBEA,ONIX
2012-04-29,🚲,サイクリング,柳沢峠,https://connect.garmin.com/app/activity/24083816479,https://drive.google.com/file/d/1tGpyOtdMDBh4IcExcVqlxuOmT0uiaMpw/view?usp=drivesdk,柳沢峠[1472m]、阿蘇神社、羽村の根搦み前水田,東京、山梨,,172,"1,823",9:13,ロード,Cannondale,CAAD10
2012-04-30,🚲,サイクリング,正丸峠、奥武蔵グリーンライン,https://connect.garmin.com/app/activity/24083876345,https://drive.google.com/file/d/1R-q0_du26Lt8mvI-BnroFHiIyph_6Pyl/view?usp=drivesdk,山伏峠[621m]、正丸峠[640m]、奥武蔵グリーンライン、東峠[445m],埼玉、東京,,121,"1,662",7:06,ロード,LOOK,KG585
2012-05-01,🚲,サイクリング,手賀沼サイクリングロード,https://connect.garmin.com/app/activity/24083950907,https://drive.google.com/file/d/1jXhhC6gIw9AqNEMQU47dUNCFRn7pNyiW/view?usp=drivesdk,手賀沼サイクリングロード,千葉,,32,112,2:53,ロード,ORBEA,ONIX
2012-07-21,🚲,サイクリング,川越,https://connect.garmin.com/app/activity/24084014360,https://drive.google.com/file/d/1SFWe24g5pKKBRU__Wv80sMI2c0VgBE-D/view?usp=drivesdk,川越,埼玉、東京,,64,,7:26,ロード,ORBEA,ONIX
2012-07-22,🚲,サイクリング,柳沢峠,https://connect.garmin.com/app/activity/24084051365,https://drive.google.com/file/d/1M_5Y0z4tj3WOf9L08Rv0qhkmffCXBONT/view?usp=drivesdk,柳沢峠[1472m],東京、山梨,,168,"1,771",8:28,ロード,LOOK,KG585
2012-07-25,🚲,サイクリング,馬籠宿,https://connect.garmin.com/app/activity/24084084340,https://drive.google.com/file/d/1vZJVXO3ksNtEEvebAzu5rKWYqDUWb-_p/view?usp=drivesdk,馬籠宿,長野,,5,141,1:58,ロード,ORBEA,ONIX
2012-07-26,🚲,サイクリング,乗鞍,https://connect.garmin.com/app/activity/24084122107,https://drive.google.com/file/d/1bWKQn1dtSIt6TrY0ufFxb9uhdfjN1QoU/view?usp=drivesdk,乗鞍エコーライン、畳平[2702m],長野,乗鞍,44,"1,567",5:03,ロード,LOOK,KG585
2012-07-27,🚲,サイクリング,都内,https://connect.garmin.com/app/activity/24084144447,https://drive.google.com/file/d/1rETFuSKxUrC5KRLNirxBWIhzInugW92r/view?usp=drivesdk,皇居,東京,,64,820,4:46,クロス,DE ROSA,TEAM
2012-07-28,🚲,サイクリング,柳沢峠、一の瀬,https://connect.garmin.com/app/activity/24084186354,https://drive.google.com/file/d/195Sj_-kcCT0eOkcyOg_QlzCKYsr1I1vF/view?usp=drivesdk,柳沢峠[1472m]、一の瀬高原,東京、山梨,,182,"2,145",10:44,ロード,LOOK,KG585
2012-08-04,🚲,サイクリング,渋峠,https://connect.garmin.com/app/activity/24084264642,https://drive.google.com/file/d/1peQzSzoHEQAGtAndOSNw-x1O3TjB_FLb/view?usp=drivesdk,渋峠[2172m],群馬、長野,,56,"1,991",4:29,ロード,LOOK,KG585
2012-08-05,🚲,イベント,グルっとまるごと栄村100kmサイクリング,https://connect.garmin.com/app/activity/24084314069,https://drive.google.com/file/d/1tsWdinnRaLNI3x5V-fR76stQ7EkYCPW2/view?usp=drivesdk,栄村,長野,,98,"2,500",7:33,ロード,LOOK,KG585
2012-08-11,🚲,グラベル,狭山湖,,,狭山湖,埼玉、東京,,35,,,シクロ,Cannondale,CAADX
2012-08-12,🚲,サイクリング,秦野市散策,https://connect.garmin.com/app/activity/24084417538,https://drive.google.com/file/d/1C87vuP8m49VunTTCV71znL8gMhbKCKa3/view?usp=drivesdk,桜土古墳展示館、弘法の清水、震生湖,山梨,,18,221,3:46,ロード,Cannondale,CAAD10
2012-08-13,🚲,サイクリング,大弛峠越え,https://connect.garmin.com/app/activity/24084478264,https://drive.google.com/file/d/1ukT--77hqH_RyoWdzkYadGLu6r1FmurW/view?usp=drivesdk,塩山駅、大弛峠[2360m]、三国峠[1740m]、中津川林道、西武秩父駅,埼玉、山梨、長野,大弛峠,120,"2,506",9:36,シクロ,Cannondale,CAADX
2012-08-19,🚲,サイクリング,ぶどう峠、麦草峠、十国峠,https://connect.garmin.com/app/activity/24084569292,https://drive.google.com/file/d/1aqjA6vodWIcdD12d2iErVBhTceyBgx9e/view?usp=drivesdk,ぶどう峠[1510m]、麦草峠[2127m]、十国峠[1351m],群馬、長野,,120,"2,873",7:33,ロード,LOOK,KG585
2012-09-30,🚲,サイクリング,大岡川源流へ,https://connect.garmin.com/app/activity/24084677884,https://drive.google.com/file/d/1nqCymDTT8eOwHc928LZ93oNqfH6H6zi9/view?usp=drivesdk,大岡川源流域,東京、神奈川,,45,518,5:41,ロード,Cannondale,CAAD10
2012-10-06,🚲,サイクリング,日本の中心へ,https://connect.garmin.com/app/activity/24084762096,https://drive.google.com/file/d/1FcoMparuep2ur5Q45Q1xuP097bqMYHKB/view?usp=drivesdk,日本中心の標、日本中心の展望台,長野,,65,"1,695",6:21,シクロ,Cannondale,CAADX
2012-10-14,🚲,サイクリング,寸又峡,https://connect.garmin.com/app/activity/24084851818,https://drive.google.com/file/d/1cb_O1vHxXXgsa4nIUUonUqz_hXwVnBl9/view?usp=drivesdk,夢の吊橋、長島ダム,静岡,,43,829,5:10,ロード,Cannondale,CAAD10
2012-11-04,🚲,サイクリング,台湾・高雄サイクリング,https://connect.garmin.com/app/activity/24084926122,https://drive.google.com/file/d/1u-KALQl7aBoA4HW3PP3VInbmjE1F5Swd/view?usp=drivesdk,孔子廟、龍虎塔、愛川、臨港線,高雄,海外,34,107,6:16,ﾏﾏﾁｬﾘ,レンタル,レンタル
2012-11-10,🚲,サイクリング,河口湖の紅葉,,,もみじ回廊、もみじトンネル,山梨,,15,,,ロード,Cannondale,CAAD10
2013-01-13,🚲,サイクリング,つくばりんりんロード,https://connect.garmin.com/app/activity/24085161005,https://drive.google.com/file/d/1F__OLUHvLuSVjx3o-sR8REyvpyydoRTX/view?usp=drivesdk,つくばりんりんロード、真壁,茨城,🍁,48,109,5:28,小径車,r&m,BD-1
2013-01-20,🚲,山サイ,二ツ塚,https://connect.garmin.com/app/activity/24085034326,https://drive.google.com/file/d/1A_hYA89YjWnlJm2qsSHpkO1sxhc5-8HX/view?usp=drivesdk,阿蘇神社、二ツ塚,東京,,73,831,7:01,シクロ,Cannondale,CAADX
2013-01-27,🚲,サイクリング,江の島,https://connect.garmin.com/app/activity/24085237819,https://drive.google.com/file/d/1c24FR0zRI4zGIOn3f-e8eUzFO7AyEe3R/view?usp=drivesdk,江の島、みなとみらい,東京、神奈川,,137,889,9:38,ロード,Cannondale,CAAD10
2013-02-09,🚲,サイクリング,房総の水仙,https://connect.garmin.com/app/activity/24079758504,https://drive.google.com/file/d/1djkunK-YTmnEiyxivhJWaxQvcswvF-0Y/view?usp=drivesdk,水仙ロード、佐久間ダム湖、ばんや、道の駅とみうら,千葉,🍁,65,838,8:04,ロード,Cannondale,CAAD10
2013-02-10,🚲,サイクリング,茨城の展望台,https://connect.garmin.com/app/activity/24079763810,https://drive.google.com/file/d/1TJRB1-FFWf4MMUalvpmpwRttwfCxWmy-/view?usp=drivesdk,くれふしの里古墳公園、小幡北山埴輪製作遺跡、真壁,茨城,,88,733,6:40,ロード,Cannondale,CAAD10
2013-02-18,🚲,サイクリング,横浜・氷取沢,,,大岡川源流、金沢動物園、氷取沢ファミリー牧場,神奈川,,10,,,小径車,r&m,BD-1
2013-02-24,🚲,サイクリング,横浜陣ヶ下渓谷,https://connect.garmin.com/app/activity/24085467024,https://drive.google.com/file/d/1bJt2ztyvDaenAYsdIqbRnInUgpC9bWN-/view?usp=drivesdk,陣の下渓谷、水道記念館、保土ヶ谷公園、上野毛公園,神奈川,,19,356,4:54,小径車,r&m,BD-1
2013-03-01,🚲,サイクリング,曽我梅林＆小田原魚市場,https://connect.garmin.com/app/activity/24085557967,https://drive.google.com/file/d/1hsRFaGPQcIsTULe6rTEPw8pJNHQyfC72/view?usp=drivesdk,曽我梅林、アイス工房、小田原魚市場,神奈川,💮,43,238,5:46,ロード,Cannondale,CAAD10
2013-03-02,🚲,グラベル,狭山湖,,https://drive.google.com/file/d/1ym7_q0Dpw6POMptnoaddUngLB29BHzKX/view?usp=drivesdk,狭山湖,埼玉、東京,,30,,,シクロ,LOOK,X85
2013-03-09,🚲,サイクリング,大楠山と三浦海岸の河津桜,https://connect.garmin.com/app/activity/24085612230,https://drive.google.com/file/d/1zqD7SwxwWMGEdTwI1lB3UYxsyuDjii1O/view?usp=drivesdk,大楠山[241m]、関口牧場、三浦海岸,神奈川,🌸,44,794,7:44,シクロ,LOOK,X85
2013-04-13,🚲,サイクリング,柳沢峠,https://connect.garmin.com/app/activity/24085778383,https://drive.google.com/file/d/1Q7R03CGMBpatYup93iNSVtbNSwnDZamI/view?usp=drivesdk,柳沢峠[1472m],東京、山梨,,173,"1,800",9:59,ロード,LOOK,KG585
2013-04-14,🚲,グラベル,狭山湖,https://connect.garmin.com/app/activity/24085911129,https://drive.google.com/file/d/1qDY5FYmQRl7SqqtQHsfdtu7AtC4xipaY/view?usp=drivesdk,狭山湖のダート,埼玉、東京,,87,802,6:30,ロード,LOOK,KG585
2013-04-28,🚲,サイクリング,伊豆一周,https://connect.garmin.com/app/activity/24085949097,https://drive.google.com/file/d/16b03UiaMBFpUu9DbCOA9poiAzKuyNj3k/view?usp=drivesdk,道の駅「伊豆のへそ」、冷川峠[360m]、だるま寺,静岡,伊豆イチ,205,"3,160",11:45,ロード,Cannondale,CAAD10
2013-04-29,🚲,サイクリング,都内,https://connect.garmin.com/app/activity/24086021658,https://drive.google.com/file/d/1_qEFlWxYQkAIMEStOF26rzn2IQeidWwd/view?usp=drivesdk,新宿、秋葉原、東京駅,東京,,72,,6:24,クロス,DE ROSA,TEAM
2013-05-03,🚲,サイクリング,横浜,https://connect.garmin.com/app/activity/24086059128,https://drive.google.com/file/d/1Ztc2dz07eP1Cp5_UaH7s30z48Np3-7ak/view?usp=drivesdk,横浜港シンボルタワー、横浜スタジアム,神奈川,,22,184,3:02,ロード,Cannondale,CAAD10
2013-05-04,🚲,サイクリング,志賀高原、小布施,https://connect.garmin.com/app/activity/24086155649,https://drive.google.com/file/d/1QAJnTj9EGrKgcirIvVhYpBHQ1qRvTCS_/view?usp=drivesdk,志賀高原、小布施,長野,,28,"1,055",2:31,ロード,LOOK,KG585
2013-05-05,🚲,サイクリング,渋峠,https://connect.garmin.com/app/activity/24086181392,https://drive.google.com/file/d/109a4soeHVtPfGTyjNQ8SoVhFhhZ_M0E2/view?usp=drivesdk,渋峠[2172m],群馬,,40,"1,447",5:07,ロード,LOOK,KG585
2013-05-22,🚲,サイクリング,都内,https://connect.garmin.com/app/activity/24086262554,https://drive.google.com/file/d/1Rx8NmbF9DigMT7Dvlenj7HDdg0wldloG/view?usp=drivesdk,新宿,東京,,46,,3:09,クロス,DE ROSA,TEAM
2013-05-26,🚲,サイクリング,柳沢峠,https://connect.garmin.com/app/activity/24086290782,https://drive.google.com/file/d/1eLnMztKIWJqVBs1UFCsqZV9Kbtq6kHNj/view?usp=drivesdk,柳沢峠[1472m],東京、山梨,,173,"1,800",9:26,ロード,LOOK,KG585
2013-06-09,🚲,サイクリング,大弛峠越え,https://connect.garmin.com/app/activity/15346824579,https://drive.google.com/file/d/1qZqqJbIEnTM2-Wbixk1YqqUbpYXenyrG/view?usp=drivesdk,塩山駅、大弛峠[2360m]、三国峠[1740m]、中津川林道、西武秩父駅,埼玉、山梨、長野,大弛峠,121,"2,365",10:18,ロード,LOOK,KG585
2013-06-16,🚲,サイクリング,としまえんのあじさい祭り,https://connect.garmin.com/app/activity/24086316269,https://drive.google.com/file/d/1YsWA_jNrpjfUny8UQxwGj0dx-qYzfO3l/view?usp=drivesdk,あじさいの小径、としまえん,東京,,47,180,6:59,クロス,DE ROSA,TEAM
2013-06-22,🚲,サイクリング,都内,https://connect.garmin.com/app/activity/24086408892,https://drive.google.com/file/d/1BIovZqbn1GR6Y18YHHf7CgNlpp5BYVuB/view?usp=drivesdk,江戸東京博物館,東京,,77,793,8:01,ロード,LOOK,KG585
2013-06-23,🚲,グラベル,御荷鉾スーパー林道,https://connect.garmin.com/app/activity/24086469864,https://drive.google.com/file/d/1M6Avr5KkSauvLVFlasLcw31omEPUbKbc/view?usp=drivesdk,三波石峡、下久保ダム、御荷鉾スーパー林道,群馬,スーパー林道,139,"2,541",10:07,ロード,LOOK,KG585
2013-06-29,🚲,サイクリング,高ボッチ高原,https://connect.garmin.com/app/activity/24086622187,https://drive.google.com/file/d/1yM4OUBkEFbqZYt9ciGwtAJU4-HeyvGQX/view?usp=drivesdk,高ボッチ高原、鉢伏山[1929m]、平出遺跡、松本城,長野,,42,"1,350",4:00,ロード,Cannondale,CAAD10
2013-07-07,🚲,サイクリング,西武ドーム隣の「ゆり園」,,,ゆり園,埼玉,,20,,,ロード,LOOK,KG585
2013-07-09,🚲,サイクリング,古代蓮の里,https://connect.garmin.com/app/activity/345322857,https://drive.google.com/file/d/1HAPZjK4iA7nHrNP6olTWr5Q5RKJBNi2L/view?usp=drivesdk,古代蓮の里、さきたま緑道,埼玉,,10,23,1:06,クロス,DE ROSA,TEAM
2013-07-13,🚲,サイクリング,多摩湖,https://connect.garmin.com/app/activity/345322984,https://drive.google.com/file/d/11GslY9zZpJ1AVkrBSVIj-_jiaQ0fClpl/view?usp=drivesdk,多摩湖自転車道、多摩湖,東京,,50,207,4:58,ロード,LOOK,KG585
2013-07-14,🚲,サイクリング,大弛峠,https://connect.garmin.com/app/activity/345323039,https://drive.google.com/file/d/130Jjex8W_ZzPlOHsZj31yBE-RZHd1jFi/view?usp=drivesdk,大弛峠[2360m],山梨,,60,"2,234",4:50,ロード,Cannondale,CAAD10
2013-07-15,🚲,サイクリング,大黒ふ頭,https://connect.garmin.com/app/activity/345322996,https://drive.google.com/file/d/1lcla5q0ziHw1UT6zONbSE71IfLPAeASZ/view?usp=drivesdk,生麦事件碑、大黒ふ頭西緑地,神奈川,,14,,3:27,小径車,r&m,BD-1
2013-07-21,🚲,サイクリング,多摩丘陵,https://connect.garmin.com/app/activity/345673639,https://drive.google.com/file/d/1qO7jonlvdTOO5QFaLqQObR0_1KbI4mVU/view?usp=drivesdk,布田道、鶴見川源流、モグサファーム,東京、神奈川,,54,991,6:25,シクロ,LOOK,X85
2013-07-26,🚲,サイクリング,野辺山,https://connect.garmin.com/app/activity/432036252,https://drive.google.com/file/d/1LEaWTx6F2DMHoHyEKWuAryjtGqM7zdNM/view?usp=drivesdk,平沢峠[1449m]、国立天文台、やまなしの木、滝沢牧場、JR最高地点,山梨、長野,,30,482,5:02,ロード,ORBEA,ONIX
2013-07-27,🚲,サイクリング,白州,https://connect.garmin.com/app/activity/432037360,https://drive.google.com/file/d/18T0XnwZZeTU3UeNEBisaeas4x6aSuu5k/view?usp=drivesdk,サントリー白州蒸留所,山梨,,10,163,2:14,シクロ,LOOK,X85
2013-08-04,🏔🚲,山サイ,多摩川源流,https://connect.garmin.com/app/activity/432039246,https://drive.google.com/file/d/12y5Sx3TZhEsvv2uzyc-fG97jX006DoD4/view?usp=drivesdk,笠取山[1953m]、水干、多摩川最初の流れ,山梨,,14,903,4:30,シクロ,LOOK,X85
2013-08-10,🚲,イベント,富士見パノラマ,https://connect.garmin.com/app/activity/438988347,https://drive.google.com/file/d/14RQ1gsVXur4EsKYVBrMfxhkZO69vYrj8/view?usp=drivesdk,入笠山周辺ツーリングコース、金沢林道,長野,,27,"1,040",2:50,シクロ,LOOK,X85
2013-08-11,🚲,サイクリング,乗鞍,https://connect.garmin.com/app/activity/432039655,https://drive.google.com/file/d/1q3Hfr-mAOqevEL1zZjWPowQQjLj1AMUb/view?usp=drivesdk,乗鞍エコーライン、畳平[2702m],群馬,乗鞍,42,"1,587",4:13,ロード,LOOK,KG585
2013-08-13,🏔🚲,山サイ,湯ノ沢峠、お花畑,https://connect.garmin.com/app/activity/432039693,https://drive.google.com/file/d/12Rzhk-Vjxk5y_Qlokm0MrokKKhCoIWPN/view?usp=drivesdk,林道「焼山沢真木線」、湯ノ沢峠[1652m]、お花畑、林道日川線、日川峠[1570m],山梨,,54,"1,800",6:29,シクロ,LOOK,X85
2013-08-15,🚲,サイクリング,奥多摩周遊道路,https://connect.garmin.com/app/activity/432039743,https://drive.google.com/file/d/1eQ68-1s5OLley_C_l2KBQXHw-iNwM5vr/view?usp=drivesdk,奥多摩周遊道路、都民の森[1000m],東京,奥多摩周遊,57,"1,146",5:18,ロード,LOOK,KG585
2013-08-18,🚲,山サイ,大菩薩峠、牛の寝通り,https://connect.garmin.com/app/activity/432039834,https://drive.google.com/file/d/1Eoh-KNKjkjPW3SimbOOoA1xUGqhFeTdq/view?usp=drivesdk,大菩薩峠[1897m]、牛の寝通り,山梨,,105,"1,693",,シクロ,LOOK,X85
2013-09-01,🚲,レース,マウンテンサイクリングin乗鞍,https://connect.garmin.com/app/activity/432039625,https://drive.google.com/file/d/1p3Lqq5nC9lRK6swKjupCFuY4UlT9kPHc/view?usp=drivesdk,乗鞍エコーライン,長野,乗鞍,,871,1:05,ロード,LOOK,KG585
2013-09-10,🚲,サイクリング,三浦半島,https://connect.garmin.com/app/activity/432039801,https://drive.google.com/file/d/1xcELKjyqNxGf9wz6jCHRJQBbY2JUR5LX/view?usp=drivesdk,城ケ島,神奈川,,97,652,8:04,ロード,Cannondale,CAAD10
2013-09-21,🚲,サイクリング,富士山一周,https://connect.garmin.com/app/activity/432039774,https://drive.google.com/file/d/11WNsOfgSn4wV_LO-EM9UM3QU47zUBLs_/view?usp=drivesdk,ミルクランド,山梨、静岡,,111,"1,599",8:30,ロード,Cannondale,CAAD10
2013-09-22,🚲,サイクリング,深川のかかし,https://connect.garmin.com/app/activity/24087452043,https://drive.google.com/file/d/18e75ypyHBgLoURURAbfR5ttkN7g0xgm6/view?usp=drivesdk,深川、皇居前,東京,,25,,3:22,小径車,r&m,BD-1
2013-09-23,🚲,サイクリング,三浦半島一周,https://connect.garmin.com/app/activity/432039842,https://drive.google.com/file/d/1Y0AVmzj-1b8L5jg5htTTH7z3aL4nbLE5/view?usp=drivesdk,ヴェルニー公園、三笠公園、城ヶ島、江ノ島,東京、神奈川,,210,"1,500",13:28,ロード,Cannondale,SYNAPSE Hi-Mod
2013-09-28,🚲,サイクリング,巾着田,https://connect.garmin.com/app/activity/432039784,https://drive.google.com/file/d/1Ys-CpU4_Czfv8M3m1bIMZaIENj1BeSsr/view?usp=drivesdk,巾着田,埼玉、東京,,78,587,7:00,ロード,Cannondale,SYNAPSE Hi-Mod
2013-09-29,🚲,サイクリング,秩父・吉田のかかし,https://connect.garmin.com/app/activity/432039818,https://drive.google.com/file/d/1sWGc_MWFecsyoyFTmGBOMKLdEj2iHXKf/view?usp=drivesdk,有間峠[1142m]、下吉田、奥武蔵グリーンライン,埼玉、東京,,180,"3,046",11:10,ロード,Cannondale,SYNAPSE Hi-Mod
2013-10-06,🚲,イベント,グランフォンド八ヶ岳,https://connect.garmin.com/app/activity/432039822,https://drive.google.com/file/d/12fEgP06KDIzjwwt6aiP9TjutjO7sEjHL/view?usp=drivesdk,,山梨,,107,"1,977",8:48,ロード,Cannondale,SYNAPSE Hi-Mod
2013-10-12,🚲,グラベル,天竜スーパー林道,https://connect.garmin.com/app/activity/432039765,https://drive.google.com/file/d/18gZ_7QdToUOZjcpQ-q_mcTEL_llCjuOD/view?usp=drivesdk,秋葉神社、山住峠[1080m],静岡,スーパー林道,92,"1,900",6:56,シクロ,LOOK,X85
2013-10-14,🚲,サイクリング,江ノ島,https://connect.garmin.com/app/activity/432039793,https://drive.google.com/file/d/1YOd4Civbqln-b5znMAkKMmSIqGEUkas_/view?usp=drivesdk,江ノ島、六角橋商店街,東京、神奈川,,132,604,8:36,ロード,Cannondale,SYNAPSE Hi-Mod
2013-10-21,🚲,サイクリング,奥日光の紅葉,https://connect.garmin.com/app/activity/432039677,https://drive.google.com/file/d/1HtXHJ4KAXT_-sDVDrS2d7jOc052znVts/view?usp=drivesdk,先手ヶ浜、戦場ヶ原、光徳牧場,栃木,🍁,30,600,3:55,ロード,Cannondale,SYNAPSE Hi-Mod
2013-10-27,🚲,サイクリング,蓼科の紅葉,https://connect.garmin.com/app/activity/432039771,https://drive.google.com/file/d/1G6S4Pal5BHdvvxahTHSLLVleZQASwBL0/view?usp=drivesdk,蓼科湖、蓼科サイクリングロード、奥蓼科,長野,🍁,25,700,5:05,ロード,Cannondale,SYNAPSE Hi-Mod
2013-11-03,🚲,グラベル,栗原川林道,https://connect.garmin.com/app/activity/432039787,https://drive.google.com/file/d/1INzooLm72CPMHx6kV2pOeMewGQF6rAxn/view?usp=drivesdk,吹割の滝,群馬,,80,"1,820",7:43,シクロ,LOOK,X85
2013-11-04,🚲,サイクリング,都内,,,秋葉神社、丸の内、神宮外苑の銀杏並木,東京,🍁,20,"1,235",,小径車,r&m,BD-1
2013-11-09,🚲,グラベル,瑞牆山,https://connect.garmin.com/app/activity/432039718,https://drive.google.com/file/d/1Rh7kE04ccs_owk6ZveGglTuaWYgR2Le6/view?usp=drivesdk,みずがき湖、林道「松平線」、瑞牆山[2230m]、本谷川渓谷,山梨,🍁,35,900,3:45,ロード,Cannondale,SYNAPSE Hi-Mod
2013-11-10,🚲,サイクリング,昭和記念公園の紅葉と立川防災航空祭,https://connect.garmin.com/app/activity/432039714,https://drive.google.com/file/d/15NSRUnw9UWrGMdWm_s4RfY2encKYqxOT/view?usp=drivesdk,昭和記念公園、立川駐屯地,東京,🍁,35,140,4:19,クロス,DE ROSA,TEAM
2013-11-17,🚲,サイクリング,釜めしの「なかい」グルメライド,https://connect.garmin.com/app/activity/432044980,https://drive.google.com/file/d/1cfajqAK6Mv7urQnMP7CgHSnJoQ7SWTX1/view?usp=drivesdk,釜めしの「なかい」、御岳渓谷,東京,🍁,78,436,7:24,ロード,Cannondale,SYNAPSE Hi-Mod
2013-12-01,🚲,グラベル,布田道、よこやまの道,https://connect.garmin.com/app/activity/432045024,https://drive.google.com/file/d/1HWh-YPWZlrT6hVlLNaMSjWb6x73Y36Ss/view?usp=drivesdk,布田道、よこやまの道,東京,🍁,58,736,6:10,シクロ,LOOK,X85
2013-12-07,🚲,サイクリング,鶴見川源流,https://connect.garmin.com/app/activity/432045084,https://drive.google.com/file/d/1nDA-QXTy6HxUGmLBy4A2EZN7z9n4kD2l/view?usp=drivesdk,鶴見川源流,東京、神奈川,,57,697,9:54,ロード,Cannondale,SYNAPSE Hi-Mod
2013-12-23,🚲,サイクリング,都内,https://connect.garmin.com/app/activity/432045156,https://drive.google.com/file/d/1brUHGvkiceIAP22Ecqu_p6hU8h7fdLBr/view?usp=drivesdk,東京スカイツリー,東京,,24,174,6:40,クロス,DE ROSA,TEAM
2013-12-28,🚲,サイクリング,都内,https://connect.garmin.com/app/activity/432045160,https://drive.google.com/file/d/10pjoulsoOACcilTG9puGWqJP15bREVwB/view?usp=drivesdk,台東区,東京,,27,270,7:41,クロス,DE ROSA,TEAM
2013-12-31,🚲,グラベル,狭山湖,https://connect.garmin.com/app/activity/432045099,https://drive.google.com/file/d/160lqtnkV4Tkki6oTI5OAHDu7UmsjIGHN/view?usp=drivesdk,多摩湖、狭山湖,埼玉、東京,,32,272,2:05,シクロ,LOOK,X85
2014-01-05,🚲,グラベル,2014年初ライド・多摩湖、狭山湖,https://connect.garmin.com/app/activity/432045119,https://drive.google.com/file/d/17rz-PaL_3aHulfje6_Ufmvc5p7Y7vpkD/view?usp=drivesdk,多摩湖、荒幡の富士、狭山湖、比企の丘,埼玉、東京,,72,227,1:36,MTB,SPECIALIZED,Epic Marathon
2014-01-12,🚲,サイクリング,飛鳥,https://connect.garmin.com/app/activity/432045183,https://drive.google.com/file/d/1Plq1lSXACzfD_vyT77JI23t-5rZ_1ShC/view?usp=drivesdk,高松塚古墳、亀石、橘寺、石舞台、亀形石造物、酒船石、飛鳥寺,奈良,,34,,6:54,小径車,r&m,BD-1
2014-01-13,🚲,サイクリング,奈良市内,https://connect.garmin.com/app/activity/432045210,https://drive.google.com/file/d/1mIqnjrPdHA2rfXK_J13uAoXpoiwGYBEW/view?usp=drivesdk,東大寺、春日大社、興福寺、元興寺、奈良町,奈良,,17,,8:32,小径車,r&m,BD-1
2014-01-18,🚲,グラベル,狭山湖,https://connect.garmin.com/app/activity/432045189,https://drive.google.com/file/d/1VnC8DLXk5tVGqvo2py0eTK-QIUZjcJSu/view?usp=drivesdk,狭山湖、比企の丘、里山民家,埼玉、東京,,30,347,3:23,シクロ,LOOK,X85
2014-01-19,🚲,サイクリング,武蔵野吉祥七福神めぐり,https://connect.garmin.com/app/activity/432130297,https://drive.google.com/file/d/1zm8by7qbN-lhjYu-74BzkqkxCvgoj_bD/view?usp=drivesdk,<diossポタ>武蔵野吉祥七福神、調布飛行場、ふれあい下水道館,東京,,45,272,6:53,クロス,DE ROSA,TEAM
2014-02-02,🚲,山サイ,飯能北部の山々,https://connect.garmin.com/app/activity/888060967,https://drive.google.com/file/d/1s8MjXwCi3A_aNHK1EE8lfHg72C6RypgT/view?usp=drivesdk,高麗峠[177m]、日和田山[305m]、ユガテ、大高取山[376m]、弓立山[423m],埼玉、東京,,60,"2,622",9:03,シクロ,LOOK,X85
2014-02-08,🚲,サイクリング,雪の多摩湖,https://connect.garmin.com/app/activity/888060984,https://drive.google.com/file/d/1zcC2t_TggkIm8QTG4vY99vDtOMBMd4X0/view?usp=drivesdk,多摩湖,東京,,28,,,MTB,SPECIALIZED,Epic Marathon
2014-02-11,🚲,サイクリング,都内,https://connect.garmin.com/app/activity/888061006,https://drive.google.com/file/d/1bvXU0wyHL38SXoaN_G4j7slx2NyyCNEi/view?usp=drivesdk,新宿,東京,,50,205,5:38,クロス,DE ROSA,TEAM
2014-02-13,🚲,サイクリング,都内,https://connect.garmin.com/app/activity/888061036,,新宿,東京,,47,299,4:30,クロス,DE ROSA,TEAM
2014-02-23,🚲,サイクリング,牛久大仏,https://connect.garmin.com/app/activity/888061173,https://drive.google.com/file/d/1P5ybBEj5neb1WHNrBViJ_ocEGDY-nXMy/view?usp=drivesdk,霞ヶ浦、利根川、牛久大仏、牛久沼、土浦市考古資料館,茨城,,144,,7:40,ロード,Cannondale,SYNAPSE Hi-Mod
2014-03-01,🚲,サイクリング,伊豆の河津桜,https://connect.garmin.com/app/activity/888061212,https://drive.google.com/file/d/1PceIl5o0lPzVCVbJ2L8aI-yRwHOzycVq/view?usp=drivesdk,河津町,静岡,🌸,8,,2:50,ロード,Cannondale,SYNAPSE Hi-Mod
2014-03-01,🚲,サイクリング,伊豆の河津桜,https://connect.garmin.com/app/activity/888061234,,南伊豆町,静岡,🌸,11,21,1:49,ロード,Cannondale,SYNAPSE Hi-Mod
2014-03-08,🚲,サイクリング,三浦海岸の河津桜,https://connect.garmin.com/app/activity/888061302,https://drive.google.com/file/d/1gqjwPmcyrpZEdIbqzm35MCJWWQvgRThY/view?usp=drivesdk,三浦海岸、荒崎公園、大楠山[241m]、湘南国際村,神奈川,🌸,60,,6:13,シクロ,LOOK,X85
2014-03-09,🚲,サイクリング,武蔵嵐山辺りをブラブラ,https://connect.garmin.com/app/activity/888061397,https://drive.google.com/file/d/1JTkyXvg-50h3Lr2vLUV3_MWkIXIk_EOA/view?usp=drivesdk,すみよし桜の里、嵐山渓谷、道の駅おがわまち、菅谷館跡、笛吹峠[80m],埼玉、東京,,128,,8:55,ロード,Cannondale,SYNAPSE Hi-Mod
2014-03-16,🚲,サイクリング,越生周辺,https://connect.garmin.com/app/activity/888061491,https://drive.google.com/file/d/1TFYr9ekRRy78OmWVz6XFVgwZOvRe_p2D/view?usp=drivesdk,ときがわ町、越生梅林、加藤牧場,埼玉、東京,,61,397,7:08,ロード,Cannondale,SYNAPSE Hi-Mod
2014-03-22,🚲,サイクリング,伊豆一周,https://connect.garmin.com/app/activity/888061607,https://drive.google.com/file/d/1MW7XoYgNl6MAol3DslAygi5mFTGE5j9t/view?usp=drivesdk,道の駅「伊豆のへそ」、冷川峠[360m]、弓ヶ浜、ユウスゲ公園,静岡,伊豆イチ,215,"3,649",12:18,ロード,Cannondale,SYNAPSE Hi-Mod
2014-03-23,🚲,サイクリング,ヤビツ,https://connect.garmin.com/app/activity/888061639,https://drive.google.com/file/d/1KaYMdEOSYqkycfyAEK-4y9EjDsC7vzGe/view?usp=drivesdk,ヤビツ峠[761m],神奈川,,29,730,2:31,ロード,Cannondale,SYNAPSE Hi-Mod
2014-04-12,🚲,サイクリング,柳沢峠,https://connect.garmin.com/app/activity/888061751,https://drive.google.com/file/d/1AvTNqM1sqgdCOU8uvI6EmyhHQqgZALF9/view?usp=drivesdk,柳沢峠[1472m]、阿蘇神社、羽村の根搦み前水田,東京、山梨,🌷,170,"1,800",9:45,ロード,Cannondale,SYNAPSE Hi-Mod
2014-04-13,🚲,サイクリング,三浦半島,https://connect.garmin.com/app/activity/888061849,https://drive.google.com/file/d/1IpBlqMNJvcx_HqjXiZ14EAx9Tx2d5eIW/view?usp=drivesdk,城ヶ島、江ノ島,東京、神奈川,,209,"1,141",11:40,ロード,LOOK,KG585
2014-04-26,🚲,サイクリング,菅平、山田牧場,https://connect.garmin.com/app/activity/888061959,https://drive.google.com/file/d/1PwzQUentHpzr5YlEjjPCj8bUultFV48w/view?usp=drivesdk,菅平高原[1257m]、山田牧場[1900m]、黒部のエドヒガン桜,長野,,160,"3,072",11:03,ロード,Cannondale,SYNAPSE Hi-Mod
2014-04-27,🚲,サイクリング,つまごいパノラマライン,https://connect.garmin.com/app/activity/888061996,https://drive.google.com/file/d/1K0Js4zDHI3YRDd_3QBIwYx4jdJqTqAmk/view?usp=drivesdk,つまごいパノラマライン,群馬,,62,"1,264",04:03,ロード,Cannondale,SYNAPSE Hi-Mod
2014-05-01,🚲,サイクリング,都内,https://connect.garmin.com/app/activity/888062032,https://drive.google.com/file/d/1_tyGUIDVfopXRfRlyP2wMkrn5IAG40yz/view?usp=drivesdk,新宿,東京,,46,185,5:30,クロス,DE ROSA,TEAM
2014-05-02,🚲,サイクリング,箱根,https://connect.garmin.com/app/activity/888062083,https://drive.google.com/file/d/18NNedxPnN00dMx_M6dTjCH6MgjdOqYYz/view?usp=drivesdk,林道足柄幹線、十国峠[770m],神奈川、静岡,,82,"1,560",05:10,ロード,Cannondale,SYNAPSE Hi-Mod
2014-05-03,🚲,サイクリング,白馬散策,https://connect.garmin.com/app/activity/888062139,https://drive.google.com/file/d/1My9W-F0rLlfFPZuTVhyfVAiRxOV1V-g3/view?usp=drivesdk,白馬小径、姫川源流、貞鱗寺,長野,,38,429,05:40,ロード,LOOK,KG585
2014-05-04,🚲,サイクリング,鬼無里と嶺方峠,https://connect.garmin.com/app/activity/888062195,https://drive.google.com/file/d/13-EawqwSHdrY6mBetPeroCwzKc_eLJBE/view?usp=drivesdk,鬼無里、嶺方峠[1092m],長野,,58,"1,050",05:40,ロード,Cannondale,SYNAPSE Hi-Mod
2014-05-06,🚲,サイクリング,小沢峠,https://connect.garmin.com/app/activity/888062238,https://drive.google.com/file/d/1_UGBnmjWrCmV0vTavEE_Vn2cUZdGtRa3/view?usp=drivesdk,古里、小沢峠[342m],埼玉、東京,,,621,4:18,ロード,Cannondale,SYNAPSE Hi-Mod
2014-05-10,🚲,サイクリング,柳沢峠,https://connect.garmin.com/app/activity/888062295,https://drive.google.com/file/d/1jemUZ9-B2TCtreXIxXN2QPcAhznODKdi/view?usp=drivesdk,柳沢峠[1472m]、小沢峠[342m],東京、山梨,,192,"2,408",09:28,ロード,Cannondale,SYNAPSE Hi-Mod
2014-05-24,🚲,サイクリング,奥多摩周遊道路,https://connect.garmin.com/app/activity/888062453,https://drive.google.com/file/d/1MPTV5afUvucKxbGVCCgFocAFG6fG_8Y7/view?usp=drivesdk,都民の森[1000m],東京,奥多摩周遊,50,297,1:56,ロード,Cannondale,SYNAPSE Hi-Mod
2014-05-25,🚲,サイクリング,子の権現,https://connect.garmin.com/app/activity/888062500,https://drive.google.com/file/d/1iCOHtorOxDBVA3sjkypRRwTu6wJ7lusW/view?usp=drivesdk,小沢峠[342m]、仁田山峠[401m]、子の権現,埼玉、東京,,90,"1,139",5:55,ロード,Cannondale,CAAD10
2014-06-01,🚲,レース,第11回 Mt.富士ヒルクライム,https://connect.garmin.com/app/activity/888062573,https://drive.google.com/file/d/1glCYsqjgE1ywGX4ttf5SQgvxUHUK8lgm/view?usp=drivesdk,富士スバルライン,山梨,,21,"1,255",1:31,ロード,LOOK,KG585
2014-06-14,🚲,サイクリング,奥多摩周遊道路,https://connect.garmin.com/app/activity/888062604,https://drive.google.com/file/d/1yQoMQ3RwD86SvjL5IFampXBmHW2oDU8k/view?usp=drivesdk,奥多摩周遊道路,東京,奥多摩周遊,56,"1,351",3:23,ロード,Cannondale,SYNAPSE Hi-Mod
2014-06-15,🚲,サイクリング,大弛峠越え,https://connect.garmin.com/app/activity/888062688,https://drive.google.com/file/d/1YGWsmvCipD21tenUK7Vjtgc2OZnuThyK/view?usp=drivesdk,道の駅「道の駅 花かげの郷 まきおか」、大弛峠[2360m]、信州峠[1470m]、クりスタルライン,山梨、長野,大弛峠,121,"3,482",11:00,シクロ,LOOK,X85
2014-07-06,🚲,サイクリング,足柄から箱根を越えて熱海へ,https://connect.garmin.com/app/activity/888062819,https://drive.google.com/file/d/1bjLp6tw0jvLaRRQ6bl6CLfKiSv5pTWZP/view?usp=drivesdk,足柄峠[759m]、長尾峠[911m]、芦ノ湖、熱海市街、椿ライン,神奈川、静岡,,146,"3,100",10:00,ロード,Cannondale,SYNAPSE Hi-Mod
2014-07-13,🚲,グラベル,御岳山林道,https://connect.garmin.com/app/activity/888062863,https://drive.google.com/file/d/1KHrJtp7SimRpfBgxQQ2PKItWf5twgd14/view?usp=drivesdk,御岳山林道,埼玉,,17,555,1:59,MTB,SPECIALIZED,Epic Marathon
2014-07-13,🚲,サイクリング,大血川林道,https://connect.garmin.com/app/activity/888062879,,大血川林道、三峰神社,埼玉,,30,884,2:22,ロード,Cannondale,SYNAPSE Hi-Mod
2014-07-20,🚲,サイクリング,彩湖,https://connect.garmin.com/app/activity/888062923,https://drive.google.com/file/d/1MDKbkZE9PyWUx5ehSd90TSRFrmSz3pbv/view?usp=drivesdk,彩湖,埼玉、東京,,58,193,5:06,ロード,Cannondale,SYNAPSE Hi-Mod
2014-07-21,🚲,サイクリング,上武秩父林道、西秩父林道,https://connect.garmin.com/app/activity/888062968,https://drive.google.com/file/d/1M-hJaUfBwqWKjB-DsCiPPVsxdXg-kleu/view?usp=drivesdk,上武秩父林道、西秩父林道、わらじカツ丼,埼玉、東京,,103,"1,861",08:25,ロード,Cannondale,SYNAPSE Hi-Mod
2014-07-28,🚲,サイクリング,乗鞍,https://connect.garmin.com/app/activity/888063068,https://drive.google.com/file/d/1OrX9uLKFsdS6m2KqWt72AOHrVRzmsSi3/view?usp=drivesdk,乗鞍エコーライン、畳平[2702m],長野,,22,16,2:02,ロード,LOOK,KG585
2014-08-03,🚲,サイクリング,足柄、箱根,https://connect.garmin.com/app/activity/888063097,https://drive.google.com/file/d/1A7eg8Zvvx555R_RwqeB-xc8p7wHjO_So/view?usp=drivesdk,足柄峠[759m]、長尾峠[911m]、箱根,神奈川、静岡,,75,"1,527",6:47,ロード,Cannondale,SYNAPSE Hi-Mod
2014-08-13,🚲,サイクリング,横浜から稲村ケ崎,https://connect.garmin.com/app/activity/888063137,https://drive.google.com/file/d/14WzTNZu7fAEBuvzef8ImHpnzhKRi9zwH/view?usp=drivesdk,横浜港大さん橋、稲村ケ崎,神奈川,,54,245,4:02,ロード,Cannondale,SYNAPSE Hi-Mod
2014-08-14,🚲,サイクリング,那須高原,https://connect.garmin.com/app/activity/888063185,https://drive.google.com/file/d/1DqSpkslk_jcdHEDwUIQ8ceI9bgrtT5w1/view?usp=drivesdk,那須高原,栃木,,83,890,6:55,ロード,Cannondale,SYNAPSE Hi-Mod
2014-08-15,🚲,サイクリング,霧降高原,https://connect.garmin.com/app/activity/888063227,https://drive.google.com/file/d/1OnXcUK62JQJhApyq2IDEgVX0geDkfU74/view?usp=drivesdk,霧降高原,栃木,,66,"1,378",7:12,ロード,Cannondale,SYNAPSE Hi-Mod
2014-08-23,🏔🚲,山サイ,日の出山,https://connect.garmin.com/app/activity/888063339,https://drive.google.com/file/d/1cGzG7OGaFi63DpqreBsFxvekPdOXwcVI/view?usp=drivesdk,海沢林道、大楢林道、御岳山[929m]、日の出山[902m]、金毘羅尾根,東京,,48,"1,160",06:20,MTB,GIANT,XTC ADVANCED 3
2014-08-24,🚲,サイクリング,金山志賀坂林道,https://connect.garmin.com/app/activity/888063392,https://drive.google.com/file/d/13V6D-VAPDIRw8pHdCcRrY__cz5NXj_Zd/view?usp=drivesdk,上武秩父林道、西秩父林道、金山志賀坂林道,群馬、埼玉,,96,"1,868",05:55,ロード,Cannondale,SYNAPSE Hi-Mod
2014-08-31,🚲,サイクリング,富士スバルライン,https://connect.garmin.com/app/activity/888063427,https://drive.google.com/file/d/19GK1d8TQqmL2jhn7Ob3bezyzXgBDA3Df/view?usp=drivesdk,富士スバルライン,山梨,,24,"1,201",01:34,ロード,LOOK,KG585
2014-09-07,🚲,レース,マウンテンサイクリングin乗鞍,https://connect.garmin.com/app/activity/888063463,https://drive.google.com/file/d/1NfSo8n5Nqo9fGGPDT-6_r4rpDClbMxxz/view?usp=drivesdk,乗鞍エコーライン、第29回,長野,乗鞍,19,"1,100",1:23,ロード,LOOK,KG585
2014-09-13,🚲,サイクリング,都内,https://connect.garmin.com/app/activity/888063496,https://drive.google.com/file/d/1mJiSVxbzDvVT9nH6PeLl8BCQXXctT6jn/view?usp=drivesdk,新宿、神宮外苑,東京,,57,162,4:33,クロス,DE ROSA,TEAM
2014-09-14,🚲,サイクリング,三浦半島一周,https://connect.garmin.com/app/activity/888063565,https://drive.google.com/file/d/1y6yp84dPgQm1Vo2CN0U077hLXhrdnyyG/view?usp=drivesdk,ヴェルニー公園、三笠公園、浦賀の渡し、城ヶ島、関口牧場,神奈川,,87,646,05:55,ロード,Cannondale,SYNAPSE Hi-Mod
2014-09-15,🚲,サイクリング,裏ヤビツ、海老名のかかし,https://connect.garmin.com/app/activity/888063668,https://drive.google.com/file/d/1fgRe3JlvL9WX7qHLqRCkNipDZwWipLN5/view?usp=drivesdk,裏ヤビツ、DAMATTI、中新田のかかし,東京、神奈川,,150,"1,634",09:17,ロード,Cannondale,SYNAPSE Hi-Mod
2014-09-20,🚲,サイクリング,枝折峠、奥只見湖,https://connect.garmin.com/app/activity/888063731,https://drive.google.com/file/d/1Ze73u6UULvtW5_poAsVttGXFEVOUDN4R/view?usp=drivesdk,枝折峠[1065m]、奥只見湖、御池,新潟、福島,,150,"2,826",07:44,ロード,Cannondale,SYNAPSE Hi-Mod
2014-09-21,🚲,サイクリング,山王林道,https://connect.garmin.com/app/activity/888063777,https://drive.google.com/file/d/11TTK61DjQi1XW4oZYvuA_CGFy-YqneA-/view?usp=drivesdk,川俣湖、山王林道、光徳牧場,栃木,,94,"1,828",05:13,ロード,Cannondale,SYNAPSE Hi-Mod
2014-10-18,🚲,サイクリング,光徳牧場,https://connect.garmin.com/app/activity/888063805,https://drive.google.com/file/d/15vD16UB9KcS0nVqPHpyiQeKWryEXrD0u/view?usp=drivesdk,光徳牧場,栃木,🍁,60,"1,068",5:37,ロード,Cannondale,SYNAPSE Hi-Mod
2014-10-26,🚲,サイクリング,坤六峠,https://connect.garmin.com/app/activity/888063859,https://drive.google.com/file/d/1SwxHgEz9fvxNtPcL6JdYZKC7OBmmUbgL/view?usp=drivesdk,吹割の滝、坤六峠[1620m]、照葉峡,群馬,🍁,118,"2,210",08:40,ロード,Cannondale,SYNAPSE Hi-Mod
2014-11-02,🚲,サイクリング,富士四湖,https://connect.garmin.com/app/activity/888063914,https://drive.google.com/file/d/1zKLymsNl2oa8YLNPSGdSR9oGun6QOPyV/view?usp=drivesdk,河口湖、西湖、精進湖、本栖湖,山梨,🍁,67,429,6:08,ロード,Cannondale,SYNAPSE Hi-Mod
2014-11-15,🚲,グラベル,寸又峡,https://connect.garmin.com/app/activity/888063975,https://drive.google.com/file/d/1S1o1SrizUC2xMJ-IZvOkEyj-LqpFXXo-/view?usp=drivesdk,智者山林道、寸又峡、下泉笹間林道,静岡,🍁,95,"2,380",09:24,ロード,LOOK,KG585
2014-11-16,🚲,サイクリング,川越うな重ポタ,https://connect.garmin.com/app/activity/888064021,https://drive.google.com/file/d/1u7oASu0K-LnFt1et6awVYXCY4UFT504A/view?usp=drivesdk,川越,埼玉、東京,,68,357,07:12,ロード,Cannondale,CAAD10
2014-11-22,🚲,グラベル,右左口峠、折八古関林道,https://connect.garmin.com/app/activity/888064071,https://drive.google.com/file/d/1RH_V_oSzvgr3p91bVLwALhpYHvzjrlIa/view?usp=drivesdk,右左口峠[830m]、折八古関林道、四尾連湖,山梨,🍁,82,"2,200",06:53,ロード,Cannondale,SYNAPSE Hi-Mod
2014-11-24,🚲,グラベル,御岳渓谷、昭和記念公園,https://connect.garmin.com/app/activity/888064159,https://drive.google.com/file/d/1M6PQ_NWK7A4gfScJ4Q767kYf2i1VWJ0d/view?usp=drivesdk,御岳渓谷、昭和記念公園,東京,🍁,85,357,11:00,ロード,Cannondale,SYNAPSE Hi-Mod
2014-12-13,🚲,サイクリング,茨城県の県南地域,https://connect.garmin.com/app/activity/888064345,https://drive.google.com/file/d/18qAhvfbYMcQjpgpmErzghUZV-mLVUQDY/view?usp=drivesdk,牛久大仏、サイクルトレイン,茨城,,65,206,06:00,ロード,Cannondale,SYNAPSE Hi-Mod
2014-12-23,🚲,グラベル,多摩湖湖・狭山湖,https://connect.garmin.com/app/activity/888064434,https://drive.google.com/file/d/1fr4ucnA-Z3hHOP1pWZ_CVHswA5_TFxlJ/view?usp=drivesdk,狭山湖、多摩湖、里山民家、六道山公園、比企の丘,埼玉、東京,,36,384,03:30,MTB,GIANT,XTC ADVANCED 3
2014-12-28,🚲,グラベル,多摩湖湖・狭山湖,https://connect.garmin.com/app/activity/888064472?trimmed=true,https://drive.google.com/file/d/1pSBEvFse-Aonbv6X7HGEFfETp9OBGvv3/view?usp=drivesdk,多摩湖自転車道、多摩湖、狭山湖,埼玉、東京,,57,768,6:30,MTB,GIANT,XTC ADVANCED 3
2014-12-31,🚲,サイクリング,伊豆大島一周,https://connect.garmin.com/app/activity/888064501,https://drive.google.com/file/d/1X8eDyYPuS3H359Cbq8fD5S38DhWqfuoZ/view?usp=drivesdk,大島一周道路,東京,島,47,945,03:52,ロード,Cannondale,SYNAPSE Hi-Mod
2015-01-01,🚲,サイクリング,伊豆大島・三原山,https://connect.garmin.com/app/activity/888064525,https://drive.google.com/file/d/1nCW7xFIRRHpBtLv5hh1C5NksPXzlgnpw/view?usp=drivesdk,三原山[758m],東京,島,33,922,02:48,ロード,Cannondale,SYNAPSE Hi-Mod
2015-01-03,🚲,サイクリング,都内,https://connect.garmin.com/app/activity/888064546,https://drive.google.com/file/d/1YDOCz4dqDOTiUv3yIeXkTRivE33ZtNEI/view?usp=drivesdk,調布飛行場、松陰神社,東京,,46,,3:33,小径車,r&m,BD-1
2015-01-11,🚲,サイクリング,都内,https://connect.garmin.com/app/activity/888064591,https://drive.google.com/file/d/1n3__jV61ywixm4JKS_k3VoN6-muk8fyP/view?usp=drivesdk,新宿、アメ横,東京,,76,,7:43,クロス,DE ROSA,TEAM
2015-01-12,🚲,サイクリング,房総の素掘りのトンネル巡り,https://connect.garmin.com/app/activity/888064618,https://drive.google.com/file/d/1t0orZEXfjouA8fly1GWDv1p2qIYBg97a/view?usp=drivesdk,東京湾フェリー、三島湖、柿木台第一トンネルなど、養老渓谷、川廻し,神奈川、千葉,,66,"1,116",05:35,ロード,Cannondale,SYNAPSE Hi-Mod
2015-01-18,🚲,山サイ,東京都日の出町周辺,https://connect.garmin.com/app/activity/888064671,https://drive.google.com/file/d/1PYuFohSn-K1g_2DZA0mc-WBN1o8Vaz_f/view?usp=drivesdk,滝山公園、横沢・小机林道、梅ノ木峠[635m]、二ツ塚、六道山公園,東京,,90,"1,685",09:33,MTB,SPECIALIZED,Epic Marathon
2015-01-25,🏔🚲,山サイ,武蔵嵐山辺り,https://connect.garmin.com/app/activity/888064700,https://drive.google.com/file/d/1xXiIpaaK8B_rNWYb56k9ZOwGUWKHrlNS/view?usp=drivesdk,鎌形八幡神社、都幾川の桜並木、武蔵嵐山、嵐山町下里地区、道の駅「おがわまち」、見晴らしの丘、仙元山[299m]、林道「割谷線」、物見山[267.9m]、小倉林道、笛吹峠[80m]、とうふ工房「わたなべ」、アピオスのアイス,埼玉,,40,885,04:48,MTB,SPECIALIZED,Epic Marathon
2015-02-01,🚲,山サイ,日高・越生辺り,https://connect.garmin.com/app/activity/888064744,https://drive.google.com/file/d/1WTYugF6bzhr6B0YHIBrdjpgHj0xMFoiQ/view?usp=drivesdk,山根六角塔婆、富士山[221m]、高麗神社、JR高麗川駅前、宮沢湖、高麗峠[177m]、西武高麗駅、林道「清流線」、林道「権現堂線」、林道「笹郷線」、黒山三滝、味噌コンニャク、越生自然休養村センター特産物直売所、ひもかわ、あじさい街道、赤坂小便小僧、越生梅林、パン工房「シロクマ」、,埼玉,,58,"1,358",06:16,MTB,GIANT,XTC ADVANCED 3
2015-02-11,🚲,サイクリング,越生,https://connect.garmin.com/app/activity/888064833,https://drive.google.com/file/d/1l0iCUPqONBms9uHuaFCRUAj2qNnC303V/view?usp=drivesdk,所沢航空公園、越辺川、すみよし桜の里、越辺川の島田橋、物見山[135m]、地球観測センター、笛吹峠[80m]、とうふ工房「わたなべ」、パン工房「シロクマ」、醤油王国、加藤牧場、多摩湖,埼玉、東京,,113,889,08:08,シクロ,LOOK,X85
2015-02-15,🚲,グラベル,狭山湖,https://connect.garmin.com/app/activity/888064878,https://drive.google.com/file/d/1felXZ8hdbjq2jmJbMyDhLt2MzXexPk7K/view?usp=drivesdk,多摩湖、狭山湖,埼玉、東京,,45,664,3:34,シクロ,LOOK,X85
2015-02-21,🚲,サイクリング,またまた越生辺り,https://connect.garmin.com/app/activity/888064919,https://drive.google.com/file/d/1S3d5HhZ14MiZDOWduNnmOTxi27nV5IBM/view?usp=drivesdk,冠水橋の若宮橋、林道「赤木慈光線」、とうふ工房「わたなべ」、旧下里分校、道の駅「おがわまち」、幸せ地蔵、帝松「酒造まつり」、林道「赤木慈光線、旧岩田家住宅、建具会館、上谷の大クス、越生梅林、パン工房「シロクマ」、多和目橋、多和目天神橋、たかはしたまご」、加藤牧場,埼玉、東京,,73,"1,014",05:30,シクロ,LOOK,X85
2015-02-22,🚲,サイクリング,高麗川の冠水橋巡り,https://connect.garmin.com/app/activity/888064952,https://drive.google.com/file/d/1JZREcd0FJADt3tfM08jiurVll5iZV2yY/view?usp=drivesdk,若宮橋、多和目橋、多和目天神橋、高麗神社、たかはしたまご、加藤牧場,埼玉、東京,,34,107,03:51,シクロ,LOOK,X85
2015-02-28,🚲,サイクリング,三浦海岸の河津桜,https://connect.garmin.com/app/activity/888065047,https://drive.google.com/file/d/19JhxblD9tK4N8HmVGSc6TAjpmjzMiL8o/view?usp=drivesdk,ヴェルニー公園、三浦海岸、城ケ島、しぶき亭、江の島、境川、飯田牧場,東京、神奈川,🌸,188,"1,062",11:06,シクロ,LOOK,X85
2015-03-08,🚲,サイクリング,三保の松原,https://connect.garmin.com/app/activity/888065113,https://drive.google.com/file/d/1632_odT3QmT870-jyR35QCRMJY2Z3Gmu/view?usp=drivesdk,清水港、宮本商店、水上バス、ハーバーブルーライン・サイクリングロード、日本平、登呂遺跡、もちの家、太平洋岸自転車道、三保の松原、清水さかな市場「河岸の市」,静岡,,66,630,06:00,ロード,Cannondale,SYNAPSE Hi-Mod
2015-03-15,🚲,サイクリング,府中の郷土の森の観梅,https://connect.garmin.com/app/activity/888065205,https://drive.google.com/file/d/1g8EgqTUcFAiATf_wXeVI2Hn13dNQJd_p/view?usp=drivesdk,新田川緑道、分倍河原古戦場、府中の郷土の森、いききの道、東郷寺、プロペラカフェ,東京,💮,42,124,07:04,クロス,GIANT,Escape R3
2015-03-21,🚲,グラベル,奥武蔵グリーンラインの北の林道,https://connect.garmin.com/app/activity/888065261,https://drive.google.com/file/d/1-WmV-qEZFZcdZu9H60LAd4MRE4SOCvtQ/view?usp=drivesdk,道の駅「ふれあいの里たまがわ」、林道「赤木慈光線」、林道「栗山線」、林道「萩殿線」、白石峠[761m]、堂平山の天文台、奥武蔵グリーンライン、ぶな峠[775m]、越沢稲荷の大スギ、パン工房「シロクマ」、都幾川の桜並木,埼玉,,72,"1,781",07:17,シクロ,LOOK,X85
2015-03-22,🚲,サイクリング,名栗周辺の林道,https://connect.garmin.com/app/activity/888065324,https://drive.google.com/file/d/1rHlisJkgOXEGRiEZzXo0IiYwUISP7_dY/view?usp=drivesdk,小沢峠[342m]、林道「原市場名栗線」、仁田山峠[401m]、林道「栃屋谷線」、林道「平坂飛村線」、林道「長尾坂・野口入線」、東峠[445m]、六道山公園,埼玉、東京,,100,"1,613",06:24,ロード,Cannondale,SYNAPSE Hi-Mod
2015-03-29,🚲,サイクリング,奥武蔵グリーンライン,https://connect.garmin.com/app/activity/888065357,https://drive.google.com/file/d/15vznmPBpbdLjdMu05M3Y8FtBO6DM1HVP/view?usp=drivesdk,TOKIGAWA BASE、白石峠[761m]、堂平山[876m]、奥武蔵グリーンライン、ベラヴィスタ、黒山三滝、パン工房「シロクマ」、藤屋,埼玉,,58,"1,200",06:11,ロード,Cannondale,SYNAPSE Hi-Mod
2015-04-01,🚲,サイクリング,府中の桜,,,桜通り、東郷寺、大国魂神社,東京,🌸,16,,,ロード,Cannondale,SYNAPSE Hi-Mod
2015-04-04,🚲,サイクリング,東秩父辺り,https://connect.garmin.com/app/activity/888065440,https://drive.google.com/file/d/1bUvuDKhz-aowbgraRawSlL6_BA_4BCsf/view?usp=drivesdk,都幾川の桜並木、日枝神社、虎山の千本桜、旧下里分校、花桃の郷、彩の国ふれあい牧場、定峰峠[613m]、白石峠[761m]、奥武蔵グリーンライン、鎌北湖,埼玉,,100,"2,329",09:00,ロード,Cannondale,SYNAPSE Hi-Mod
2015-04-06,🚲,サイクリング,小田原,https://connect.garmin.com/app/activity/888065495,https://drive.google.com/file/d/1eXiObQz2PDQ8cUW8Q_pTcoN0DlxdKTPu/view?usp=drivesdk,小田原早川漁港,神奈川,,51,630,3:42,ロード,Cannondale,SYNAPSE Hi-Mod
2015-04-12,🚲,サイクリング,西伊豆スカイライン,https://connect.garmin.com/app/activity/888065573,https://drive.google.com/file/d/1B2RvI6uHQqsHTB10JFfXejNsNppBZIbG/view?usp=drivesdk,小戸橋製菓、東京ラスク、浄蓮の滝、民宿「富士見山荘」、男橋・女橋、風早峠[657m]、仁科峠[900m]、西天城高原牧場の家、戸田峠[730m]、だるま山レストハウス、一石庵,静岡,,86,"1,970",08:05,ロード,Cannondale,SYNAPSE Hi-Mod
2015-04-18,🚲,サイクリング,秩父・羊山公園の芝桜,https://connect.garmin.com/app/activity/888065635,https://drive.google.com/file/d/1c2pmZ3kuu2130Vguur2J80MSD59afNUX/view?usp=drivesdk,羊山公園、定峰峠[613m]、白石峠[761m],埼玉、東京,🌸,143,"2,044",09:20,ロード,Cannondale,SYNAPSE Hi-Mod
2015-04-19,🚲,サイクリング,高麗川の冠水橋とムーミン谷の公園,https://connect.garmin.com/app/activity/888065693,https://drive.google.com/file/d/1sIuxgmBoKKh1l0JWw_H6A0JWIbs0Zl2k/view?usp=drivesdk,加藤牧場、若宮橋、多和目橋、多和目天神橋、醤油王国、あけぼの子どもの森公園,埼玉、東京,,75,499,06:34,シクロ,LOOK,X85
2015-04-25,🚲,サイクリング,定峰峠,https://connect.garmin.com/app/activity/888065734,https://drive.google.com/file/d/1UoNhXKgp0BE0Z8_sHdQZCN1-s1T1fisG/view?usp=drivesdk,定峰峠[613m]、秩父高原牧場、長瀞,埼玉,,60,900,06:40,ロード,Cannondale,CAAD10
2015-05-01,🚲,サイクリング,アルプス展望道路と林道「小熊黒沢線」,https://connect.garmin.com/app/activity/888065781,https://drive.google.com/file/d/1jE3lI1OQrCVPuzyHEpUxx3SPgd3YQUzK/view?usp=drivesdk,道の駅「長野市大岡特産センター」、アルプス展望道路、天然酵母パン「モモ」、林道「小熊黒沢線」、道の駅「おがわ」,長野,,120,"2,230",08:20,ロード,Cannondale,SYNAPSE Hi-Mod
2015-05-02,🚲,サイクリング,渋峠,https://connect.garmin.com/app/activity/888065866,https://drive.google.com/file/d/1yb5GsM0NP_ZyOtA-ybJuaUzHS5djXdhO/view?usp=drivesdk,道の駅「オアシスおぶせ」、渋峠[2172m]、渋峠ホテル、日本国道最高地点の碑,群馬、長野,,92,"2,200",07:30,ロード,Cannondale,SYNAPSE Hi-Mod
2015-05-03,🚲,グラベル,中軽井沢から浅間山を一周,https://connect.garmin.com/app/activity/888065929,https://drive.google.com/file/d/1oT-F_qW7M4-MWRHCVf7yE65OL_S6Gvmr/view?usp=drivesdk,中軽井沢駅前、1000M林道、車坂峠[1973m]、林道「湯の丸高峰線」、湯の丸峠[1732m]、林道「桟敷線」、軽井沢林道、長倉山併用林道,群馬、長野,,86,"1,920",07:43,シクロ,LOOK,X85
2015-05-06,🚲,サイクリング,富士の芝桜,https://connect.garmin.com/app/activity/888065983,https://drive.google.com/file/d/1kPviwKAg2OPYFWZa5tliBjeC50NDoZh9/view?usp=drivesdk,西湖野鳥の森公園、富士芝桜まつり,山梨,🌸,25,281,03:06,ロード,Cannondale,SYNAPSE Hi-Mod
2015-05-17,🚲,サイクリング,埼玉・群馬・長野の県境周回サイクリング,https://yamap.com/activities/40166965,https://drive.google.com/file/d/1fdFbje93wcGqd6MyH9lsslCGrn9CI05q/view?usp=drivesdk,ぶどう峠[1510m]、林道「大門線」、林道「相木川上線」、中津川林道、八丁トンネル,群馬、埼玉、長野,,121,"3,228",11:49,シクロ,LOOK,X85
2015-05-23,🚲,サイクリング,しまなみ海道1日目,https://connect.garmin.com/app/activity/888066157,https://drive.google.com/file/d/1csL-asEP46b2PZOMiPXiWLbuXAlkTxh9/view?usp=drivesdk,尾道渡船、向島、因島大橋、はっさく屋、因島大橋、生口島、ドルチェ、しおまち商店街、ひよし旅館,広島,しまなみ,51,500,04:05,ロード,Cannondale,CAAD10
2015-05-24,🚲,サイクリング,しまなみ海道2日目,https://connect.garmin.com/app/activity/888066235,https://drive.google.com/file/d/1ILAnklm76yog8Hw7fB3nJAl9sheGFqUS/view?usp=drivesdk,多々羅大橋、サイクリストの聖地、大三島橋、伯方・大島大橋、亀老山[308m]、来島海峡大橋、サンライズ糸山、道の駅「よしうみいきいき館」、塩ラーメンの「さんわ」、リモーネ,広島、愛媛,しまなみ,114,"1,168",09:50,ロード,Cannondale,CAAD10
2015-05-25,🚲,サイクリング,しまなみ海道3日目,https://connect.garmin.com/app/activity/888066270,https://drive.google.com/file/d/1PdSb3daQlGdYWw_ZtvQ-dQINpawSYBMF/view?usp=drivesdk,生口橋、因島大橋、後藤飲料水工業所、住田製パン所、尾道渡船、尾道ポートターミナル、尾道の「古寺めぐり」,広島,しまなみ,40,299,03:52,ロード,Cannondale,CAAD10
2015-06-06,🚲,サイクリング,都内,https://connect.garmin.com/app/activity/888066336,https://drive.google.com/file/d/1PAt8Ytt8pQmUqz0gr7n49Tsr04bpLw44/view?usp=drivesdk,新宿,東京,,47,254,4:51,クロス,DE ROSA,TEAM
2015-06-07,🚲,サイクリング,島田橋、白石峠,https://connect.garmin.com/app/activity/888066403,https://drive.google.com/file/d/13WMxosyWr-jNrTUvXVdDiuT4kS2fmI1J/view?usp=drivesdk,若宮橋、島田橋、とうふ工房「わたなべ」、TOKIGAWA BASE、白石峠[761m]、尾張屋、多和目橋,埼玉、東京,,139,"1,319",09:47,ロード,Cannondale,SYNAPSE Hi-Mod
2015-06-14,🚲,サイクリング,都内,https://connect.garmin.com/app/activity/888066444,https://drive.google.com/file/d/1UNref2UUq2p7E0F42CfRxaPOIkiU0kvz/view?usp=drivesdk,新宿、小平あじさい公園,東京,,53,182,4:43,ロード,LOOK,KG461
2015-06-28,🚲,サイクリング,都内,https://connect.garmin.com/app/activity/888066471,https://drive.google.com/file/d/1qRg_8BV5R4YARmGx5Gy0RC7fvYSVOPEy/view?usp=drivesdk,新宿,東京,,69,183,5:08,クロス,DE ROSA,TEAM
2015-07-19,🚲,サイクリング,万沢林道,https://connect.garmin.com/app/activity/888066551,https://drive.google.com/file/d/1qDx02wFO-26o79aqRbt2r4T_B3cQWrNQ/view?usp=drivesdk,大道峠[780m]、暮坂峠[1088m]、道の駅「六合」、万沢峠[1240m]、森のカフェKIKI,群馬,,108,"2,571",09:21,MTB,GIANT,XTC ADVANCED 3
2015-07-26,🚲,グラベル,田代山林道、帝釈山林道,https://yamap.com/activities/37090538,https://drive.google.com/file/d/1AU9937ND9h5RG72VBWEWpfsrX_iLpOhi/view?usp=drivesdk,田代山林道、檜枝岐村、帝釈山林道,福島、栃木,,118,"2,464",11:37,シクロ,LOOK,X85
2015-08-02,🚲,サイクリング,身延山近く,https://connect.garmin.com/app/activity/888066579,https://drive.google.com/file/d/1KPTfwlfaXcnE6m2gTtvmCJgSbnFnHHrZ/view?usp=drivesdk,,山梨,,23,636,1:59,ロード,Cannondale,SYNAPSE Hi-Mod
2015-08-09,🚲,サイクリング,蒜山高原、大山,https://yamap.com/activities/37090541,https://drive.google.com/file/d/11I0GCChDXVJYqIwi4FbVwmK7Kah_4u16/view?usp=drivesdk,蒜山大山スカイライン、鬼女台、鍵掛峠[912m]、大山まきばみるくの里,鳥取、岡山,,69,"2,442",07:14,ロード,Cannondale,SYNAPSE Hi-Mod
2015-08-10,🚲,サイクリング,周防大島一周,https://connect.garmin.com/app/activity/888066700,https://drive.google.com/file/d/1lm0wmJtE4drP_l1_Z8ebQozMHMJheKnK/view?usp=drivesdk,周防大橋、道の駅「サザンセトとうわ」、陸奥記念館、堅岩,山口,島,92,881,06:43,ロード,Cannondale,SYNAPSE Hi-Mod
2015-08-15,🚲,サイクリング,開田高原,https://connect.garmin.com/app/activity/888066808,https://drive.google.com/file/d/1x544Lcubzn7UntmELJJ35NbLB97c7NvJ/view?usp=drivesdk,木曽馬の里、開田高原ｱｲｽｸﾘｰﾑ、九蔵峠[1280m]、長峰峠[1360m],長野,,36,603,3:17,ロード,Cannondale,SYNAPSE Hi-Mod
2015-08-16,🚲,グラベル,大泉学園の小泉牧場,https://connect.garmin.com/app/activity/888066845,https://drive.google.com/file/d/1hWy5PaAqp0Vyosngcp3cTkc9QnHDeEbB/view?usp=drivesdk,小泉牧場,東京,,30,189,3:46,シクロ,LOOK,X85
2015-08-22,🚲,サイクリング,野麦峠,https://connect.garmin.com/app/activity/888066869,https://drive.google.com/file/d/1VBZHC5ER42IYK-SI7fQpIWOgD5LNQjad/view?usp=drivesdk,野麦峠[1672m],長野,,28,618,1:43,ロード,LOOK,KG585
2015-08-23,🚲,サイクリング,乗鞍,https://connect.garmin.com/app/activity/888066914,https://drive.google.com/file/d/17ZMcjHk84xoKenESXkiw3daoR6i__N8l/view?usp=drivesdk,乗鞍エコーライン、畳平[2702m],長野,乗鞍,47,,,ロード,Cannondale,SYNAPSE Hi-Mod
2015-08-28,🚲,グラベル,林道「宮ノ入線」を頂上まで走る,https://connect.garmin.com/app/activity/888066953,https://drive.google.com/file/d/1HW0G6lDeZPQScroosJriQuGe7mDisW9p/view?usp=drivesdk,林道「宮ノ入線」,長野,,17,704,1:48,ロード,Cannondale,CAAD10
2015-08-29,🚲,サイクリング,乗鞍高原～白樺峠,https://connect.garmin.com/app/activity/888066978,https://drive.google.com/file/d/1EV9EgxZ4hTAhjwMQQvHM7TTCqExk_sMI/view?usp=drivesdk,白樺峠[1630m],長野,,20,314,1:34,ロード,Cannondale,CAAD10
2015-09-06,🚲,サイクリング,川越・南古谷のかかしと榎本牧場,https://connect.garmin.com/app/activity/889345406,https://drive.google.com/file/d/135Bb4kGpFwHd6PXfVR5LeUIN5U3HAIeP/view?usp=drivesdk,秋ヶ瀬公園、南古谷のかかし、榎本牧場、御食事処「新道」,埼玉,,49,111,3:35,シクロ,LOOK,X85
2015-09-13,🚲,サイクリング,都内,https://connect.garmin.com/app/activity/896732360,https://drive.google.com/file/d/1L6U1oWd6puAg2gJphm3pl-uGs_RqtRX5/view?usp=drivesdk,深川のかかし,東京,,20,89,3:12,小径車,r&m,BD-1
2015-09-20,🚲,グラベル,分杭峠と陣馬形山,https://yamap.com/activities/37090539,https://drive.google.com/file/d/1aHdk7jub-j88b2S_DSUMd5U3q5WtKoX-/view?usp=drivesdk,分杭峠[1424m]、大鹿村の塩の里、林道「陣馬形線」、林道「黒牛折草線」、陣馬形山キャンプ場、折草峠[1169m]、林道「女沢線」、女沢峠[1263m],長野,,90,"2,176",08:45,シクロ,LOOK,X85
2015-09-21,🚲,サイクリング,乗鞍スカイライン,https://connect.garmin.com/app/activity/905427046,https://drive.google.com/file/d/1PvK2qDfcw0-KgOnpgBk5wutYpM_VYXD3/view?usp=drivesdk,乗鞍スカイライン、畳平[2702m],長野,乗鞍,38,"1,332",3:51,ロード,Cannondale,SYNAPSE Hi-Mod
2015-09-21,🚲,サイクリング,飛騨古川散策,https://connect.garmin.com/app/activity/905427065,https://drive.google.com/file/d/1awxDxfj5xLDuYLibZdu7-unEO_pQSP6M/view?usp=drivesdk,飛騨古川駅周辺,岐阜,,10,36,01:30,シクロ,LOOK,X85
2015-09-22,🚲,サイクリング,有峰林道,https://connect.garmin.com/app/activity/906336654,https://drive.google.com/file/d/1PTZzwz8cRCgzxN6zM9rk1ZWh_Q8S8EO7/view?usp=drivesdk,有峰有料林道、薬師岳登山口,富山,,92,"2,022",8:38,ロード,Cannondale,SYNAPSE Hi-Mod
2015-10-04,🚲,サイクリング,三浦半島,https://connect.garmin.com/app/activity/917990917,https://drive.google.com/file/d/18YQbVO8il6QwnicujkKGCVan3Ma7NWOu/view?usp=drivesdk,ヴェルニー公園、三笠公園、城ケ島、三崎漁港,神奈川,,3,4,0:57,小径車,r&m,BD-1
2015-10-18,🚲,サイクリング,都内,https://connect.garmin.com/app/activity/942273786,https://drive.google.com/file/d/1t2rGWU9CWti11uUdE3s3-EUKNi7ejpgI/view?usp=drivesdk,皇居、永代橋,東京,,38,130,3:32,小径車,r&m,BD-1
2015-10-31,🚲,サイクリング,野辺山と瑞牆山,https://connect.garmin.com/app/activity/942905325,https://drive.google.com/file/d/1QckAi8PEIAHSmXiAFWSrx9Kc6pT2dBHr/view?usp=drivesdk,みずがき湖ビジターセンター、高須林道線、平沢峠[1450m]、鉄道最高地点、ヤツレンのポッポ牛乳、カントリー、信州峠[1470m]、林道「小川山線」、みずがき山自然公園、本谷川渓谷,山梨、長野,🍁,62,"1,704",6:26,シクロ,LOOK,X85
2015-11-03,🚲,グラベル,狭山湖,https://connect.garmin.com/app/activity/961959394,https://drive.google.com/file/d/1ZxLLCWqLebdW_UEvgaV3nFv6vGDWs1OE/view?usp=drivesdk,多摩湖、狭山湖,埼玉、東京,,62,317,4:13,シクロ,LOOK,X85
2015-11-15,🚲,サイクリング,多摩湖,https://connect.garmin.com/app/activity/961959438,https://drive.google.com/file/d/1n9s04i4Fgp19o71YS-GcEnOCocJv9acq/view?usp=drivesdk,多摩湖自転車道、多摩湖,東京,🍁,29,107,2:04,シクロ,LOOK,X85
2015-11-21,🚲,サイクリング,竜神大吊橋,https://connect.garmin.com/app/activity/963042202,https://drive.google.com/file/d/1cgrfK35jAGwbdzjum1AaZ8QYTSD2NydT/view?usp=drivesdk,竜神大吊橋、亀ヶ淵、そばハウス「龍亭」、武生林道、山田川の沈下橋,茨城,🍁,75,"1,224",05:52,ロード,Cannondale,SYNAPSE Hi-Mod
2015-11-22,🚲,グラベル,狭山湖,https://connect.garmin.com/app/activity/974771807,https://drive.google.com/file/d/1PGTsyC8AY5C8ti_BlozQ988YqdA__u8p/view?usp=drivesdk,多摩湖、狭山湖,埼玉、東京,🍁,37,287,2:23,MTB,GIANT,XTC ADVANCED 3
2015-12-06,🚲,サイクリング,よこやまの道,https://connect.garmin.com/app/activity/986163146,https://drive.google.com/file/d/1thP96A716aiMCgFgbBNUYj1IS6S5Qymv/view?usp=drivesdk,よこやまの道,東京,🍁,52,407,4:44,クロス,DE ROSA,TEAM
2015-12-20,🚲,サイクリング,ときがわ町の慈光院,https://connect.garmin.com/app/activity/986990631,https://drive.google.com/file/d/1zE4rt0U5aEovaxB3FcAnG5RFeTDiET3_/view?usp=drivesdk,慈光院,埼玉,🍁,27,652,2:07,ロード,GIANT,DEFY ADVANCED
2015-12-27,🚲,サイクリング,奥武蔵グリーンライン周辺,https://connect.garmin.com/app/activity/993345633,https://drive.google.com/file/d/1aZjurnR4czsIK_KMx8gsMgtx49f-ImkO/view?usp=drivesdk,堂平山[876m]、奥武蔵グリーンライン,埼玉,,65,"1,696",5:12,ロード,Cannondale,SYNAPSE Hi-Mod
2016-01-01,🚲,グラベル,霜降山,https://connect.garmin.com/app/activity/998983459,https://drive.google.com/file/d/1_D2I5w94reAVAR4nbHYNqfOQrafXcSFm/view?usp=drivesdk,霜降山[250m]、新町埠頭、山口宇部空港,山口,,36,"1,396",03:43,シクロ,LOOK,X85
2016-01-03,🚲,サイクリング,SLを見に新山口まで,https://connect.garmin.com/app/activity/1001341368,https://drive.google.com/file/d/1q_BAGJmWyL4jYmGXFV96Gja8RdLJpAxd/view?usp=drivesdk,道の駅「きららあじす」、新山口駅(SL),山口,,47,324,3:06,ロード,GIANT,DEFY ADVANCED
2016-01-04,🚲,サイクリング,多摩川,https://connect.garmin.com/app/activity/1002799408,https://drive.google.com/file/d/1sd14EwOUY0CQnDYbvgTtXlooX98oIup8/view?usp=drivesdk,阿蘇神社,東京,,45,165,2:39,ロード,GIANT,DEFY ADVANCED
2016-01-09,🚲,グラベル,狭山湖,https://connect.garmin.com/app/activity/1008296393,https://drive.google.com/file/d/19NoeHutc2IIH4XQr9_5dt6PFBSgKccN4/view?usp=drivesdk,多摩湖、きくや、狭山湖,埼玉、東京,,44,549,3:47,MTB,GIANT,XTC ADVANCED 3
2016-01-10,🚲,グラベル,伊豆の蛇石峠、大鍋峠,https://connect.garmin.com/app/activity/1009596349,https://drive.google.com/file/d/10vRZnetuJkYdXJHbZdb3uL0Y4jLefvde/view?usp=drivesdk,弓ヶ浜、青野川、道の駅「下賀茂温泉 湯の花」、蛇石峠[324m]、「民芸茶房」、松崎港、大鍋峠[638m]、河津川,静岡,,88,"1,381",06:06,ロード,GIANT,DEFY ADVANCED
2016-01-16,🚲,グラベル,伊豆の「上佐々野林道」＆「白田林道」,https://connect.garmin.com/app/activity/1016150815,https://drive.google.com/file/d/1J8sAcZlX3G441cupbzk8I0eSRV1jySLT/view?usp=drivesdk,上佐々野林道、白田林道,山梨,,50,"1,396",05:23,ロード,GIANT,DEFY ADVANCED
2016-01-24,🚲,サイクリング,都内,https://connect.garmin.com/app/activity/1025373339,https://drive.google.com/file/d/1Qxn2Hg64WqyObgIM7rOBYL7b5nE67GRG/view?usp=drivesdk,皇居、御徒町,東京,,65,245,4:25,ロード,GIANT,DEFY ADVANCED
2016-01-31,🚲,グラベル,伊豆の「土肥中央林道」、「上池林道」,https://connect.garmin.com/app/activity/1033881556,https://drive.google.com/file/d/1Uou8dMQ7_AMm9l0oNYttuiYw8skxl5-J/view?usp=drivesdk,土肥中央林道、上池林道、上岩穴林道,静岡,,28,901,3:13,MTB,GIANT,XTC ADVANCED 3
2016-02-06,🚲,グラベル,伊豆の天城辺りの林道散策,https://connect.garmin.com/app/activity/1040662835,https://drive.google.com/file/d/137HuVRSgJv2VtLIdTndvKk5LMeWp9Fen/view?usp=drivesdk,本谷林道、岩尾林道、松山林道、荒原の棚田、国士峠[520m]、筏場林道、軽石林道、矢熊筏場林道、あまご茶屋、月ヶ瀬梅林,静岡,💮,62,"2,062",7:04,MTB,GIANT,XTC ADVANCED 3
2016-02-17,🚲,サイクリング,伊豆の河津桜,https://connect.garmin.com/app/activity/1053250798,https://drive.google.com/file/d/1zOuTWJWvFeL5BiV6-J3uNUJMCJLbCoZJ/view?usp=drivesdk,河津川,静岡,🌸,12,162,1:40,MTB,GIANT,XTC ADVANCED 3
2016-02-17,🚲,サイクリング,伊豆の河津桜,https://connect.garmin.com/app/activity/1053378863,,弓ヶ浜、青野川,静岡,🌸,12,76,1:49,ロード,GIANT,DEFY ADVANCED
2016-02-21,🚲,サイクリング,三浦海岸の河津桜,https://connect.garmin.com/app/activity/1057605412,https://drive.google.com/file/d/1jN6O-bTZqaN283sz1I7doxWF58l9f_bV/view?usp=drivesdk,三浦海岸駅,神奈川,🌸,4,29,1:02,小径車,r&m,BD-1
2016-02-21,🚲,サイクリング,曽我梅林、玉宝寺、小田原城,https://connect.garmin.com/app/activity/1057789268,https://drive.google.com/file/d/1P6r80IrQaHQh8PKgvBxPO_LNJqKVahSH/view?usp=drivesdk,曽我梅林,神奈川,💮,18,120,2:56,小径車,r&m,BD-1
2016-02-27,🚲,グラベル,諸坪峠、猫越林道,https://connect.garmin.com/app/activity/1064981153,https://drive.google.com/file/d/1K4jTnd0egA5Ak-jcwEULwu0VgAo6WBrE/view?usp=drivesdk,天城隧道、ループ橋、萩ノ入林道、諸坪峠[732m]、白川林道、仁科峠[900m]、風早峠[657m]、猫越林道、桐山林道,静岡,,70,"2,200",7:46,MTB,GIANT,XTC ADVANCED 3
2016-02-28,🚲,サイクリング,萬城の滝と西伊豆スカイライン,https://connect.garmin.com/app/activity/1066283200,https://drive.google.com/file/d/1oC-umDwNwbUOgDvkul4CzfpJtG6CYmQ3/view?usp=drivesdk,萬城の滝、国士越、西伊豆スカイライン、風早峠[657m]、だるま山高原レストハウス,静岡,,77,"1,817",5:31,ロード,Cannondale,SYNAPSE Hi-Mod
2016-03-05,🚲,サイクリング,ときがわ町辺りの林道,https://connect.garmin.com/app/activity/1073050601,https://drive.google.com/file/d/1bnmamOydRbnr1jahvq3oU-dJJMj-lJ-x/view?usp=drivesdk,,埼玉,,45,765,3:04,ロード,Cannondale,CAAD10
2016-03-05,🚲,サイクリング,白石峠,https://connect.garmin.com/app/activity/1073135362,https://drive.google.com/file/d/1kTwPUDEvgYVi92edEZ_Rf_dEj5abLupR/view?usp=drivesdk,白石峠[761m],埼玉,,39,885,2:36,ロード,Cannondale,SYNAPSE Hi-Mod
2016-03-06,🚲,サイクリング,都内,https://connect.garmin.com/app/activity/1074344113,https://drive.google.com/file/d/1z7ox9xPRDmQVR-rRSqMzdUFx3c-Q_Lp-/view?usp=drivesdk,晴海ふ頭,東京,,15,57,1:38,小径車,r&m,BD-1
2016-03-21,🚲,サイクリング,ときがわ町辺りの林道,https://connect.garmin.com/app/activity/1093310080,https://drive.google.com/file/d/17suS12-Hj38FiygBE2gtylXPJn9j8qY9/view?usp=drivesdk,,埼玉,,93,"2,400",6:50,ロード,LOOK,KG585
2016-03-31,🚲,サイクリング,都内,,https://drive.google.com/file/d/1BGsXUP-uyFeFI3YIFjFlMoXSZHfXzOVe/view?usp=drivesdk,野川、目黒川、神田川,東京,🌸,93,,,ロード,GIANT,DEFY ADVANCED
2016-04-03,🚲,サイクリング,多摩,https://connect.garmin.com/app/activity/1112274578,https://drive.google.com/file/d/1olJqqwTFgIxKqG9FRzbdP3EdUrl04OYi/view?usp=drivesdk,野川、多摩川,東京,🌸,72,249,4:52,クロス,DE ROSA,TEAM
2016-04-10,🚲,サイクリング,奥多摩周遊道路,https://connect.garmin.com/app/activity/1119813790,https://drive.google.com/file/d/1MryrKtZOQxGV3ZvFOufjEuNsoImX5vuo/view?usp=drivesdk,奥多摩周遊道路、都民の森[1000m],東京,奥多摩周遊,126,"1,298",6:09,ロード,Cannondale,SYNAPSE Hi-Mod
2016-04-10,🚲,サイクリング,都内,https://connect.garmin.com/app/activity/1119813960,https://drive.google.com/file/d/1woxdp1-FOMN6O6_rJD8RMvAPYuPJJqRY/view?usp=drivesdk,新宿,東京,,58,186,3:58,ロード,GIANT,DEFY ADVANCED
2016-04-16,🚲,サイクリング,羽村の阿蘇神社とチューリップまつり,,https://drive.google.com/file/d/1JYN3PMKBG9WMQeDwE2wsgrIAPcPpaK3N/view?usp=drivesdk,阿蘇神社、羽村の根搦み前水田,東京,,42,,,ロード,GIANT,DEFY ADVANCED
2016-04-30,🏔🚲,登山,神坂峠越え、富士見台高原登山,https://yamap.com/activities/40145940,https://drive.google.com/file/d/1fPprrwduoTBVrKoLZohESgtuVGmMOQcH/view?usp=drivesdk,阿智村の花桃の里、神坂峠[1569m]、富士見台高原[1739m]、大谷霧ヶ原線、強清水、馬籠、馬籠峠[801m]、木曽峠[1358m]、大平宿、飯田峠[1235m],長野、岐阜,,103,"3,200",09:57,ロード,Cannondale,SYNAPSE Hi-Mod
2016-05-01,🚲,サイクリング,明智と岩村,https://connect.garmin.com/app/activity/1148927427,https://drive.google.com/file/d/1iQynqEQWvMK35T9Vp_RiZDwmH75buLd-/view?usp=drivesdk,道の駅「そばの郷 らっせぃみさと」、日本大正村の明智、矢作ダム、道の駅「ラ・フォーレ 福寿の里」、岩村城、岩村,愛知、岐阜,,87,"1,344",5:49,ロード,Cannondale,SYNAPSE Hi-Mod
2016-05-02,🚲,サイクリング,売木村から茶臼山へ,https://connect.garmin.com/app/activity/1150387726,https://drive.google.com/file/d/1tPU3-cm9Ui5OqkQLcz_XvJ0DODHNelPm/view?usp=drivesdk,新野峠[1060m]、林道「茶臼山線」、茶臼山レストハウス、矢作川源流、ヤハズ峠[1154m]、道の駅「信州平谷」、平谷峠[1160m],長野、愛知,,48,"1,208",3:56,ロード,Cannondale,CAAD10
2016-05-03,🚲,サイクリング,青崩峠越え,https://yamap.com/activities/37090746,https://drive.google.com/file/d/1n8IHEIaN6ehdNz1oV5b0-IoG_CQ7da-R/view?usp=drivesdk,林道「天竜川線」、大津峠[870m]、足神神社、足神の水、青崩峠[1082m],長野、静岡,,71,"2,190",06:24,シクロ,LOOK,X85
2016-05-15,🚲,サイクリング,奥多摩周遊道路,https://connect.garmin.com/app/activity/1168611584,https://drive.google.com/file/d/1N4CaXRlnVOAZe45wfX6JIGodRTnQAMJa/view?usp=drivesdk,奥多摩周遊道路、都民の森[1000m],東京,奥多摩周遊,127,"1,309",6:09,ロード,Cannondale,CAAD10
2016-05-21,🚲,サイクリング,埼玉県の最西端の林道,https://connect.garmin.com/app/activity/1177468850,https://drive.google.com/file/d/1pQfnYSl1pRZYPfOzD60nW09W9zbVuluL/view?usp=drivesdk,土坂峠[780m]、林道「上武秩父線」、志賀坂トンネル、道の駅「うえの」、林道「上野大滝線」、天丸トンネル[1240m]、林道「金山志賀坂線」、八丁トンネル[1240m],埼玉,,113,"3,001",8:17,ロード,Cannondale,SYNAPSE Hi-Mod
2016-05-22,🚲,サイクリング,青梅市・塩船観音寺,https://connect.garmin.com/app/activity/1178601181,https://drive.google.com/file/d/1OzbFXa9uYEIVA2GaNkVpsuZ8-_r0MVV-/view?usp=drivesdk,塩船観音寺,東京,,48,305,3:42,クロス,DE ROSA,TEAM
2016-05-29,🚲,サイクリング,林道「奥之湯猪之頭線」,https://connect.garmin.com/app/activity/1189233520,https://drive.google.com/file/d/11GRAMiL76u-O1Gl9nbLsQb-5Fk5zO2j6/view?usp=drivesdk,林道「奥之湯猪之頭線」、湯之奥猪之頭トンネル[1240m]、田貫湖、アイス屋「ティコ」、桜峠[1051m],山梨、静岡,,85,"1,750",6:20,ロード,Cannondale,SYNAPSE Hi-Mod
2016-06-05,🚲,サイクリング,平家の里,https://connect.garmin.com/app/activity/1199035993,https://drive.google.com/file/d/1TAgqrTRpuS00caXHs-woQzMGp3hyU9NV/view?usp=drivesdk,五十里湖、平家の里、土呂部、大笹牧場,群馬,,111,"1,631",7:06,ロード,Cannondale,SYNAPSE Hi-Mod
2016-06-12,🚲,サイクリング,綾瀬のあやめ,https://connect.garmin.com/app/activity/1208975986,https://drive.google.com/file/d/11GPfqZXLhWB2U5RXB9CLiFaVkdjTMVOV/view?usp=drivesdk,綾瀬のあやめ、スーパーフォーミュラinアミュあつぎ,神奈川,,10,56,0:47,小径車,r&m,BD-1
2016-06-26,🚲,グラベル,大弛峠越え,https://connect.garmin.com/app/activity/1229473945,https://drive.google.com/file/d/1fOpdnHyEOvZD94YIwJweNN5gwweD_xPc/view?usp=drivesdk,塩山駅、大弛峠[2360m]、三国峠[1740m]、中津川林道、秩父鉄道（サイクルトレイン）,埼玉、山梨、長野,大弛峠,108,"2,440",9:24,MTB,GIANT,XTC ADVANCED 3
2016-07-10,🚲,サイクリング,都内,https://connect.garmin.com/app/activity/1261253103,https://drive.google.com/file/d/1pk5tySqTnAq8GuW9O2QIJLBtXl29QrAf/view?usp=drivesdk,浅草、皇居、神宮外苑,東京,,50,,4:02,小径車,r&m,BD-1
2016-07-17,🚲,サイクリング,足柄駅から富士スピードウェイ,https://connect.garmin.com/app/activity/1261253177,https://drive.google.com/file/d/1pOnRKGSSEc9s-hoRtgnMTtCJk3eIEj9h/view?usp=drivesdk,スーパーフォーミュラ第3戦を観戦,静岡,,22,270,0:50,小径車,r&m,BD-1
2016-07-18,🚲,サイクリング,掛川駅から静岡駅まで,https://connect.garmin.com/app/activity/1261253252,https://drive.google.com/file/d/1R1oFWv_30MpiAoJPdz1270b8VHsSYhqB/view?usp=drivesdk,日坂宿、東海道菊川坂、諏訪原城、金谷茶畑、上倉沢棚田、東海道金谷坂、新金谷駅、大井川の川越場、蓬莱橋、ととや新兵衛、焼津さかなセンター、太平洋沿岸自転車道、岡部宿大旅籠柏屋、明治のトンネル,静岡,,83,620,7:31,小径車,r&m,BD-1
2016-07-24,🚲,サイクリング,富士川から清水を往復,https://connect.garmin.com/app/activity/1270052891,https://drive.google.com/file/d/1bPOYYl5aoYT7v7wXEHNJevZ_FWBqmezb/view?usp=drivesdk,東海道新幹線の富士川鉄橋、小池邸、、薩?峠[93m]、清水港、河岸の市、興津坐漁荘、道の駅冨士,静岡,,52,251,3:55,ロード,GIANT,DEFY ADVANCED
2016-07-31,🚲,サイクリング,クリスタルラインと明野のヒマワリ,https://connect.garmin.com/app/activity/1281562504,https://drive.google.com/file/d/1da5L8n5AVl5zo-rFg-diswaLO3yxFuzE/view?usp=drivesdk,クリスタルライン、乙女高原、木賊峠[1670m]、林道樫山線、みずがき湖ビジターセンター、明野のひまわり,山梨,,101,"2,253",8:18,ロード,Cannondale,SYNAPSE Hi-Mod
2016-08-13,🚲,グラベル,乙見山峠越え,https://connect.garmin.com/app/activity/1302280351,https://drive.google.com/file/d/1LFz6D1tqG7FdvFRZsQNM_1oDzMmDp2KU/view?usp=drivesdk,戸隠・鏡池[1150m]、大望峠[1055m]、鬼無里のいろは堂、嶺方峠[1090m]、白馬駅、小谷温泉、乙見トンネル[1510m]、笹ヶ峰高原,新潟、長野,,127,"2,643",10:07,ロード,Cannondale,SYNAPSE Hi-Mod
2016-08-21,🚲,サイクリング,都内,https://connect.garmin.com/app/activity/1313470369,https://drive.google.com/file/d/1aUqIgyY16E1TJFbFRkkCAWDKH7acPBPe/view?usp=drivesdk,江戸東京博物館、浅草、明治大学博物館,東京,,12,39,1:31,小径車,r&m,BD-1
2016-08-28,🚲,サイクリング,田子の浦ポタリング,https://connect.garmin.com/app/activity/1324363381,https://drive.google.com/file/d/1kUM9O6GzCektNOJ2zF3mfdYUmvTlnafC/view?usp=drivesdk,岳南鉄道、浅間古墳、富知六所淺間神社、左富士神社、名勝・左富士、田の浦漁港の「漁協食堂」、しらすの八幡,静岡,,25,145,3:08,小径車,r&m,BD-1
2016-09-03,🚲,サイクリング,渡良瀬渓谷から日光へ,https://connect.garmin.com/app/activity/1334852542,https://drive.google.com/file/d/1a_NrHaUo_lW0MlceD-ZHahlW3Q7ZKdCS/view?usp=drivesdk,足尾、細尾峠[1193m]、いろは坂、中禅寺湖、戦場ヶ原、金精トンネル[1843m]、とうもろこし街道、薗原ダム、根利,栃木、群馬,,145,"2,877",9:20,ロード,Cannondale,CAAD10
2016-09-11,🚲,サイクリング,行田,https://connect.garmin.com/app/activity/1352471424,https://drive.google.com/file/d/1YYCf-ne-R5wi-LbNF0zQFXROi27sxUoR/view?usp=drivesdk,古代蓮の里、田んぼアート、さきたま古墳公園、かねつき堂、忍城、八幡山古墳、地蔵塚古墳,埼玉,,18,25,2:05,クロス,DE ROSA,TEAM
2016-09-17,🚲,サイクリング,南会津から会津若松城,https://connect.garmin.com/app/activity/1365024824,https://drive.google.com/file/d/1OkNjQcrNAKGbjxbJGUKA_1f3v7wlXf0q/view?usp=drivesdk,舟鼻トンネル[約950m]、博士峠[1070m]、会津若松城、氷玉峠[820m]、大内宿,福島,,114,"1,782",7:12,ロード,Cannondale,SYNAPSE Hi-Mod
2016-09-25,🚲,サイクリング,前日光,https://connect.garmin.com/app/activity/1377779085,https://drive.google.com/file/d/1ZBweSEawgffcdIvczuybI7iXX10hthr9/view?usp=drivesdk,前日光牧場、古峯神社,栃木、群馬,,150,"1,772",9:13,ロード,Cannondale,SYNAPSE Hi-Mod
2016-10-08,🚲,サイクリング,F1日本グランプリ観戦,https://connect.garmin.com/app/activity/1395848581,https://drive.google.com/file/d/1zAAMOk3PdbpQlwCXpEw0AS1nET-kulDr/view?usp=drivesdk,鈴鹿サーキット,三重,,7,,0:11,小径車,r&m,BD-1
2016-10-09,🚲,サイクリング,F1日本グランプリ観戦,https://connect.garmin.com/app/activity/1398790623,https://drive.google.com/file/d/12M1w9csv4tn5P5955672aMUVpDCA5xKz/view?usp=drivesdk,鈴鹿サーキット,三重,,12,77,0:53,小径車,r&m,BD-1
2016-10-23,🚲,サイクリング,都内,https://connect.garmin.com/app/activity/1416384745,https://drive.google.com/file/d/1ZkixoGjcn0VZxafqgs7dn0d6n3OGyzm5/view?usp=drivesdk,秋葉原,東京,,18,106,1:53,小径車,r&m,BD-1
2016-10-30,🚲,グラベル,林道「赤倉栗生線」,https://connect.garmin.com/app/activity/24106827300,https://drive.google.com/file/d/1wAK88XL285tMh2xN1dMVUmE2jxLxCyyj/view?usp=drivesdk,道の駅「川場田園プラザ」、林道「赤倉栗生線」,群馬,,31,"1,003",2:53,シクロ,LOOK,X85
2016-11-03,🚲,サイクリング,山梨県笛吹市辺りの林道巡り,https://connect.garmin.com/app/activity/1432318046,https://drive.google.com/file/d/1VEvkaAEYnfR_Q5uQTyRckC3mgO7pIDn7/view?usp=drivesdk,,山梨,🍁,74,"2,594",7:03,ロード,Cannondale,SYNAPSE Hi-Mod
2016-11-12,🚲,グラベル,河口湖周辺の紅葉狩り,https://connect.garmin.com/app/activity/1443823985,https://drive.google.com/file/d/1xcGcqCWIilKkvBxrz3GwjOdU-1TGQ7P3/view?usp=drivesdk,紅葉台、三湖台、西湖、河口湖、もみじ回廊、もみじトンネル,山梨,🍁,56,521,6:59,シクロ,LOOK,X85
2016-11-13,🚲,サイクリング,はに丸タワー,https://connect.garmin.com/app/activity/1445105148,https://drive.google.com/file/d/1mWb-ymfSVfCNFyBlizuTSfUr2iABH5Kx/view?usp=drivesdk,はに丸タワー,茨城,,20,128,1:40,小径車,r&m,BD-1
2016-11-13,🚲,サイクリング,都内,https://connect.garmin.com/app/activity/1445256319,https://drive.google.com/file/d/1XUwATGzeZgD5poWbw_cppRgsuvo9WCiA/view?usp=drivesdk,東京駅,東京,🍁,33,316,2:55,クロス,DE ROSA,TEAM
2016-11-19,🚲,サイクリング,多摩,https://connect.garmin.com/app/activity/1452700599,https://drive.google.com/file/d/1ujRHrqRUFSqaAb43yRw6SGjn7YGPDwkq/view?usp=drivesdk,野川,東京,🍁,25,70,2:35,ロード,GIANT,DEFY ADVANCED
2016-11-20,🚲,サイクリング,入間ジョンソンタウン,https://connect.garmin.com/app/activity/1453925564,https://drive.google.com/file/d/1Blelx8aXTvD8b4cEqCT-Uh0cqBoxNoCl/view?usp=drivesdk,入間ジョンソンタウン,埼玉、東京,,46,211,3:51,ロード,GIANT,DEFY ADVANCED
2016-11-23,🚲,サイクリング,笹子峠,https://connect.garmin.com/app/activity/1457616305,https://drive.google.com/file/d/1cb2QiCx7fsrUNrqxmq2X3iYhdMt_Db1u/view?usp=drivesdk,笹子峠[1097m],山梨,,52,"1,309",3:59,ロード,Cannondale,SYNAPSE Hi-Mod
2016-12-11,🚲,サイクリング,都内,https://connect.garmin.com/app/activity/1479290186,https://drive.google.com/file/d/1zn-grratN_VXdKqEOTZgsGvfPb6TkdJz/view?usp=drivesdk,若洲公園、レインボーブリッジ,東京,,30,159,4:42,小径車,r&m,BD-1
2016-12-18,🚲,サイクリング,都内,https://connect.garmin.com/app/activity/1487138775,https://drive.google.com/file/d/1SELgc00bFHYX3yuNS1XIk7NrkMJd3Soo/view?usp=drivesdk,月島、若洲公園,東京,,97,367,6:18,ロード,Cannondale,SYNAPSE Hi-Mod
2016-12-25,🚲,サイクリング,湘南,https://connect.garmin.com/app/activity/1494898907,https://drive.google.com/file/d/1jU1Nf0yRKyJQ7athYt-MnV8r7HrAFHR2/view?usp=drivesdk,建長寺,神奈川,🍁,31,186,3:46,クロス,DE ROSA,TEAM
2017-01-03,🚲,サイクリング,多摩川,https://connect.garmin.com/app/activity/1507711386,https://drive.google.com/file/d/1WZk1jNEaRYIxfjtkaB8O3ugqd0lymd4d/view?usp=drivesdk,阿蘇神社,東京,,36,181,2:36,ロード,GIANT,DEFY ADVANCED
2017-01-04,🚲,サイクリング,埼玉県・日高市辺り,https://connect.garmin.com/app/activity/1509309588,https://drive.google.com/file/d/1TTzYlYOI-OruX66VICyumczmea9F_TNL/view?usp=drivesdk,巾着田、聖天院、高麗神社、高麗川の若宮橋、越辺川の島田橋、川越,埼玉,,42,158,5:23,小径車,r&m,BD-1
2017-01-14,🚲,グラベル,林道「高宕線」,https://connect.garmin.com/app/activity/1524099749,https://drive.google.com/file/d/1F9zSAel8rvMshcsGyFOii_YL8b6eqyEA/view?usp=drivesdk,房総、林道「高宕線」,千葉,,16,307,2:28,シクロ,LOOK,X85
2017-01-15,🚲,サイクリング,白石峠、堂平山,https://connect.garmin.com/app/activity/1525839938,https://drive.google.com/file/d/1QQyl05Gie3p5_Tvr34ACOkziuT17ZF84/view?usp=drivesdk,白石峠[761m]、堂平山[876m]、萩日吉神社,埼玉,,40,986,4:18,MTB,GIANT,XTC ADVANCED 3
2017-01-21,🚲,グラベル,君津、富津辺り,https://connect.garmin.com/app/activity/1534999716,https://drive.google.com/file/d/1KEPMooySrrR4HxLOIKPAuVp3MIJhulqE/view?usp=drivesdk,三島湖の素掘りのトンネル、林道「三間線」、林道「香木原線」、亀岩の洞窟、大山千枚田、大山不動尊、姥石、江川海岸（車にて）,千葉,,60,915,5:18,ロード,GIANT,DEFY ADVANCED
2017-01-22,🚲,サイクリング,狭山湖,https://connect.garmin.com/app/activity/1536854860,https://drive.google.com/file/d/1ugKAo9yKLJWPuop9ke2mMvTvgtkd9JDw/view?usp=drivesdk,多摩湖、狭山湖,埼玉、東京,,20,119,2:36,小径車,r&m,BD-1
2017-01-28,🚲,サイクリング,都内,https://connect.garmin.com/app/activity/1545822478,https://drive.google.com/file/d/1bXskjus8vi3pjBLLNKl66d7zo9pF50AW/view?usp=drivesdk,新宿,東京,,15,58,1:33,小径車,r&m,BD-1
2017-01-29,🚲,サイクリング,銚子,https://connect.garmin.com/app/activity/1547531892,https://drive.google.com/file/d/1lyOGlehdXH41bfRn9OLzsOXR1uXkPNOF/view?usp=drivesdk,銚子ドーバーライン、屛風ヶ浦、犬岩、銚子電鉄の外川駅、地球の丸く見える丘展望台、犬吠埼、ウォッセ、銚子ポートタワー、銚子港、銚子駅前のぬれ煎餅の店、銚子セレクト市場、銚子大橋,千葉,,60,452,6:01,ロード,Cannondale,SYNAPSE Hi-Mod
2017-02-04,🚲,グラベル,伊豆・年川林道,https://connect.garmin.com/app/activity/1556787070,https://drive.google.com/file/d/1Gv2_F63pRYEQK-uXWx5vGLKPpwJlrfnb/view?usp=drivesdk,道の駅「伊豆のへそ、年川林道,静岡,,28,431,2:28,シクロ,LOOK,X85
2017-03-18,🚲,サイクリング,都内,https://connect.garmin.com/app/activity/1615791481,https://drive.google.com/file/d/125VC0XRlqfaWctsgqELzM9-vODu8BDfv/view?usp=drivesdk,皇居、浅草,東京,,32,122,3:23,小径車,r&m,BD-1
2017-03-19,🚲,サイクリング,弓ヶ浜から松崎,https://connect.garmin.com/app/activity/1627939516,https://drive.google.com/file/d/1Wbm9FYGfmS3PDzmG8Ej9m6dij48sYIpA/view?usp=drivesdk,弓ヶ浜、ユースゲ公園、あいあい岬、妻良港、夕日ヶ丘休憩所、雲見、松崎、蛇石峠[324m]、青野川、追記,静岡,,71,"1,285",5:26,ロード,Cannondale,SYNAPSE Hi-Mod
2017-04-29,🚲,サイクリング,大台ヶ原,https://connect.garmin.com/app/activity/1703627986,https://drive.google.com/file/d/1Yu-uY7TJRNv3iU6gkfL1iees8bILRk1-/view?usp=drivesdk,大台ヶ原,奈良,,69,"1,474",4:57,ロード,Cannondale,SYNAPSE Hi-Mod
2017-04-30,🚲,サイクリング,九度山,,https://drive.google.com/file/d/1usLGu45Va1g8zsFbvWPC7outFMSJK2-m/view?usp=drivesdk,真田庵、真田の抜け穴伝説の場所,和歌山,,5,,,シクロ,LOOK,X85
2017-04-30,🚲,サイクリング,護摩壇山,https://yamap.com/activities/37090750,,林道「室川線」、高野龍神スカイライン、護摩壇山[1372m]、スカイタワー、道の駅「龍神」、龍神温泉、あらぎ島,奈良、和歌山,,125,"2,129",08:39,ロード,Cannondale,SYNAPSE Hi-Mod
2017-05-02,🚲,サイクリング,熊野三山,https://yamap.com/activities/39989634,https://drive.google.com/file/d/15AnQllnmOIhTEPQMhSsqkSbvcBGaxSmB/view?usp=drivesdk,熊野古道、那智大滝、林道「田長谷線」、熊野本宮大社、林道「谷口皆瀬川線」、熊野速玉大社,和歌山,,123,"2,251",09:24,ロード,Cannondale,SYNAPSE Hi-Mod
2017-05-03,🚲,サイクリング,北山村から十津川村へ,https://yamap.com/activities/40166960,https://drive.google.com/file/d/1Fz5enL3dlIfPiw7HzIk_zURb2mU0OgjN/view?usp=drivesdk,不動バイパス、酷道425号線、清納の滝、道の駅「十津川郷」、玉置神社、玉置山展望台、萬川トンネル、瀞峡,三重、奈良、和歌山,,90,"2,105",08:26,ロード,Cannondale,SYNAPSE Hi-Mod
2017-05-04,🚲,サイクリング,伊勢志摩,https://connect.garmin.com/app/activity/1716290352,https://drive.google.com/file/d/1V9xLzcsBqL-v5nGMhowo5998gFqao1HR/view?usp=drivesdk,横山展望台、パールロード、的矢湾大橋、海鮮料理の「王将」、伊雜宮、倭姫命の遺跡、佐美長神社、磯部神社,三重,,49,641,3:50,シクロ,LOOK,X85
2017-05-07,🚲,サイクリング,山伏峠,https://connect.garmin.com/app/activity/1718837105,https://drive.google.com/file/d/1u4foFF6gy2OB_njfELDFPUtBvqvUJRot/view?usp=drivesdk,小沢峠[342m]、山伏峠[621m]、正丸峠[640m]、刈場坂峠[818m]、堂平山[876m]、奥武蔵ＧＬ、顔振峠[508m],埼玉、東京,,130,"2,175",7:56,ロード,LOOK,KG585
2017-05-20,🚲,サイクリング,田口峠,https://connect.garmin.com/app/activity/1743309543,https://drive.google.com/file/d/1q7_c6fRvIwPRTKAk7gsgEJlpjY0yh9U2/view?usp=drivesdk,ぶどう峠[1510m]、龍岡城、田口峠[1120m]、塩之沢峠[1060m],群馬、長野,,102,"1,987",7:03,ロード,Cannondale,SYNAPSE Hi-Mod
2017-05-27,🚲,グラベル,精進ヶ滝林道,https://connect.garmin.com/app/activity/1760767534,https://drive.google.com/file/d/14y50CedvTjL_lEIx6vOaJ45O9gdB9epF/view?usp=drivesdk,精進ヶ滝林道、精進ヶ滝遠望台、林道「御座石線」、林道「小武川線」、林道「小字沢線」、甘利山[1742m]、林道「御庵沢小武川線」、山の神、ループ橋,山梨,,74,"1,954",6:27,ロード,Cannondale,SYNAPSE Hi-Mod
2017-05-28,🚲,サイクリング,都内,https://connect.garmin.com/app/activity/1775098082,https://drive.google.com/file/d/1lbc0CNCLJ_fBtiXx2uBZE6HbUx6TIHM3/view?usp=drivesdk,銀座、高輪橋架道橋、品川浦、芝浦運河、レインボーブリッジ、アメ横,東京,,20,108,4:06,小径車,r&m,BD-1
2017-06-04,🚲,サイクリング,八王子,https://connect.garmin.com/app/activity/1776680663,https://drive.google.com/file/d/1JXuXoBZqHlv1oESfDqX3n0RzVtgZtUhv/view?usp=drivesdk,立川、八王子、了法寺、道の駅「八王子滝山」、昭島のアウトドアヴィレッジ,東京,,40,191,2:41,ロード,GIANT,DEFY ADVANCED
2017-06-06,🚲,サイクリング,櫛形山の林道,https://connect.garmin.com/app/activity/1780935462,https://drive.google.com/file/d/1m2oo9-ugBS5mIlCrXMdc3lDhvzXPeZa5/view?usp=drivesdk,林道「甲西線」、林道「丸山線」、林道「池の茶屋線」、北岳展望デッキパノラマ、櫛形山林道、ループ橋,山梨,,60,"1,888",6:02,ロード,Cannondale,SYNAPSE Hi-Mod
2017-06-10,🚲,サイクリング,奥多摩周遊道路,https://connect.garmin.com/app/activity/1787864330,https://drive.google.com/file/d/1KSE5U8MEDj6n72ORJzz7DQEazrlS-YM5/view?usp=drivesdk,都民の森[1000m],東京,奥多摩周遊,43,803,2:08,ロード,LOOK,KG585
2017-06-17,🚲,サイクリング,奥多摩周遊道路,https://connect.garmin.com/app/activity/1801602719,https://drive.google.com/file/d/1xevVZn_wdBG2dPBORgJmb-r7RJJcGo8d/view?usp=drivesdk,都民の森[1000m],東京,奥多摩周遊,44,823,2:09,ロード,LOOK,KG585
2017-06-18,🚲,サイクリング,八王子散策,https://connect.garmin.com/app/activity/1803756113,https://drive.google.com/file/d/13Rw7E_y3o52A1Lp1iL6_W77JvPLYq-r8/view?usp=drivesdk,八王子駅前周辺、煮干しラーメン、道の駅「八王子滝山」、多摩サイ,東京,,47,198,4:52,ロード,GIANT,DEFY ADVANCED
2017-06-24,🚲,サイクリング,柳沢峠、奥多摩周遊道路,https://connect.garmin.com/app/activity/1815223433,https://drive.google.com/file/d/1KuwMmstdwxtN0XRrxxLTr8fzHGkVdg4r/view?usp=drivesdk,柳沢峠[1472m]、道の駅「たばやま」、奥多摩周遊道路、都民の森[1000m],東京、山梨,奥多摩周遊,180,"2,398",9:44,ロード,Cannondale,SYNAPSE Hi-Mod
2017-07-15,🚲,サイクリング,飛騨古川から白川郷へ周回,https://connect.garmin.com/app/activity/1854962017,https://drive.google.com/file/d/1GUXW-ARWLitMEHP2eT6nZMdtPdh4GjpT/view?usp=drivesdk,、小鳥峠[1113m]、御母衣ダムサイトパーク、白川郷、天生峠[1290m],岐阜,,122,"2,286",9:07,ロード,Cannondale,SYNAPSE Hi-Mod
2017-07-16,🚲,サイクリング,乗鞍,https://connect.garmin.com/app/activity/1856736323,https://drive.google.com/file/d/17QuySYk52lyhJ-KzFf4dtVTzNnN-EdAE/view?usp=drivesdk,乗鞍エコーライン、畳平[2702m],長野,乗鞍,40,"1,204",3:14,ロード,Cannondale,SYNAPSE Hi-Mod
2017-07-17,🚲,サイクリング,小平周辺,https://connect.garmin.com/app/activity/1859140793,https://drive.google.com/file/d/1bxAofw9ovEOsj7sMkklBV8FUbvbRn_Ji/view?usp=drivesdk,小金井のプーさん、吉祥寺のはらドーナツ、多摩湖自転車道,東京,,26,46,2:35,ロード,GIANT,DEFY ADVANCED
2017-07-23,🚲,サイクリング,大弛峠,https://connect.garmin.com/app/activity/1870463813,https://drive.google.com/file/d/1GBfCScozFA6F_MkvaGyZQ8DRywuMbLZ4/view?usp=drivesdk,道の駅「道の駅 花かげの郷 まきおか」、大弛峠[2360m]、夢の庭園,山梨,大弛峠,58,"1,848",5:07,シクロ,LOOK,X85
2017-07-29,🚲,サイクリング,大弛峠,https://connect.garmin.com/app/activity/1896010460,https://drive.google.com/file/d/1p7p8cY5jug29432Vpbn84yP5UcME5myq/view?usp=drivesdk,大弛峠[2360m],山梨,大弛峠,20,757,3:07,ロード,Cannondale,SYNAPSE Hi-Mod
2017-08-06,🚲,サイクリング,名栗湖,https://connect.garmin.com/app/activity/1898498213,https://drive.google.com/file/d/1_3I36ZW5Gxzcsh5zywoiDV9KzBtTeXkz/view?usp=drivesdk,名栗湖,埼玉、東京,,98,969,6:11,シクロ,LOOK,X85
2017-09-03,🚲,サイクリング,鎌倉,https://connect.garmin.com/app/activity/1955102582,https://drive.google.com/file/d/1F3HoOOV_l6ccZBIh071YlPMZ4RjCPl34/view?usp=drivesdk,鎌倉,神奈川,,22,147,1:59,ロード,GIANT,DEFY ADVANCED
2017-09-10,🚲,グラベル,栗原川林道,https://yamap.com/activities/40014108,https://drive.google.com/file/d/1juwhLemOs63I2MDXmwbLuYmUWbQtCpc0/view?usp=drivesdk,栗原川林道,群馬,,77,"1,643",07:19,シクロ,LOOK,X85
2017-09-24,🚲,サイクリング,乗鞍周回,https://yamap.com/activities/39991889,https://drive.google.com/file/d/1uHMYRCr16bG4juhhB6qxa-4VAaFk1JBq/view?usp=drivesdk,野麦峠[1672m]、乗鞍スーパー林道、乗鞍高原、乗鞍エコーライン、乗鞍スカイライン、美女街道,長野、岐阜,乗鞍越え,149,"3,379",10:39,ロード,Cannondale,SYNAPSE Hi-Mod
2017-10-01,🚲,サイクリング,草津白根山,https://connect.garmin.com/app/activity/2063378615,https://drive.google.com/file/d/1jZM8ga6UOTyCDO16LpWSsw3jxfapzhH1/view?usp=drivesdk,草津白根山[2171m],群馬,,10,,,ロード,Cannondale,SYNAPSE Hi-Mod
2017-10-08,🚲,サイクリング,奥只見湖,https://yamap.com/activities/40015912,https://drive.google.com/file/d/109Ug7Kr049IuOEwFYPzRk9ApAl4JnMPH/view?usp=drivesdk,枝折峠[1065m]、奥只見湖、尾瀬御池駐車場、桧枝岐村,新潟、福島,,152,"2,703",10:03,ロード,Cannondale,SYNAPSE Hi-Mod
2017-10-09,🚲,サイクリング,川俣湖と瀬戸合峡,https://connect.garmin.com/app/activity/2071423485,https://drive.google.com/file/d/18Azlvp9ngNvYgIiqaD-Tk1d73Sw2_Pjw/view?usp=drivesdk,川俣湖、瀬戸合峡,栃木,🍁,70,788,4:37,ロード,Cannondale,SYNAPSE Hi-Mod
2017-10-25,🚲,サイクリング,中禅寺湖を散策,,,半月山展望台、小田代ヶ原、中禅寺湖千手ヶ浜、日光二荒山神社中宮祠,栃木,🍁,,,,ロード,Cannondale,SYNAPSE Hi-Mod
2017-10-28,🚲,サイクリング,猊鼻渓,https://connect.garmin.com/app/activity/2212978499,https://drive.google.com/file/d/1SM4rM8JNYiBWhcTC2KW3VpkSND8QiJVk/view?usp=drivesdk,猊鼻渓、厳美峡,岩手,🍁,14,225,00:52,小径車,r&m,BD-1
2017-10-28,🚲,サイクリング,平泉,https://connect.garmin.com/app/activity/2214806080,https://drive.google.com/file/d/17XmwWjyjRZikqRgQ8wxLumr2Z7TyZk1c/view?usp=drivesdk,毛越寺、中尊寺、達谷窟毘沙門堂、,岩手,🍁,26,275,4:53,小径車,r&m,BD-1
2017-11-03,🚲,サイクリング,河口湖の紅葉,https://connect.garmin.com/app/activity/2272369607,https://drive.google.com/file/d/13KOLbE2N2v6xaMpf1ODRBin29QwaRgyH/view?usp=drivesdk,河口湖、もみじ回廊、もみじトンネル,山梨,🍁,15,79,1:45,シクロ,LOOK,X85
2017-11-03,🚲,サイクリング,紅葉台の紅葉,https://connect.garmin.com/app/activity/2272572554,https://drive.google.com/file/d/1gae3xpJsHhxo0P41amuuWgzZGZYOrvcd/view?usp=drivesdk,紅葉台,山梨,🍁,5,179,0:32,シクロ,LOOK,X85
2017-11-05,🚲,サイクリング,茨城の花貫渓谷,https://connect.garmin.com/app/activity/2290428645,https://drive.google.com/file/d/1GD6eTnpHsXdB7_9WKW_9H672fyNHBJVt/view?usp=drivesdk,花貫渓谷,茨城,🍁,24,345,3:14,小径車,r&m,BD-1
2017-11-12,🚲,サイクリング,二十曲峠,https://connect.garmin.com/app/activity/2327232602,https://drive.google.com/file/d/1-nG9cEdLy_1jyMqrIBsVla8zSA4DhlB4/view?usp=drivesdk,林道「細野鹿留線」、林道「鹿留線」、二十曲峠[1150m],山梨,,39,677,3:58,ロード,Cannondale,SYNAPSE Hi-Mod
2017-11-19,🚲,サイクリング,青梅ポタリング,https://connect.garmin.com/app/activity/2339116130,https://drive.google.com/file/d/1EoIoLSGD1BiRam3IoFnGEHlWckS-YeF4/view?usp=drivesdk,日向和田臨川庭園、釜の淵公園、阿蘇神社、羽村取水堰,東京,,59,281,5:39,ロード,GIANT,DEFY ADVANCED
2017-11-22,🚲,サイクリング,小平近郊の紅葉巡り,https://connect.garmin.com/app/activity/2344334828,https://drive.google.com/file/d/1hrB13jhv2NS2VRFvjYnLhkhDJ872kOuI/view?usp=drivesdk,武蔵野公園、野川,東京,🍁,20,80,1:25,ロード,GIANT,DEFY ADVANCED
2017-11-23,🚲,サイクリング,府中から多摩湖の紅葉,https://connect.garmin.com/app/activity/2347785140,https://drive.google.com/file/d/1aMA9_RWbuCCrvh8VnVeBQ6qNDd13m082/view?usp=drivesdk,府中の森公園、武蔵野公園、多摩湖、西武園イルミージュ,東京,🍁,21,92,2:17,ロード,GIANT,DEFY ADVANCED
2017-11-25,🚲,サイクリング,都内,https://connect.garmin.com/app/activity/2348971248,https://drive.google.com/file/d/1qin8KQv7r9UCKPGDPAHJ1efztOHb0LOk/view?usp=drivesdk,神宮外苑のいちょう並木、国会議事堂前の銀杏、日比谷公園、すみだ北斎博物館、アメ横,東京,🍁,23,82,4:31,小径車,r&m,BD-1
2017-12-02,🚲,サイクリング,千葉県・松戸市の紅葉,https://connect.garmin.com/app/activity/2360619014,https://drive.google.com/file/d/18vaswxDdBBOaUcJmqSl_7WXuEKbuv-Tp/view?usp=drivesdk,本土寺、東漸寺、水元公園、柴又,千葉,🍁,29,156,5:07,小径車,r&m,BD-1
2017-12-08,🚲,サイクリング,都内,,,新宿、吉祥寺,東京,,60,,,ロード,GIANT,DEFY ADVANCED
2017-12-10,🚲,グラベル,狭山湖,https://connect.garmin.com/app/activity/2373207848,https://drive.google.com/file/d/1tRXaRE8QRBIOlvMXTV3s8RIApxWsLeGr/view?usp=drivesdk,多摩湖、狭山湖,埼玉、東京,,40,364,3:29,MTB,GIANT,XTC ADVANCED 3
2017-12-17,🚲,グラベル,房総の林道サイクリング,https://connect.garmin.com/app/activity/2383345688,https://drive.google.com/file/d/1k75qOYCoDtLFJAyMPh9ILW0h1lT26szo/view?usp=drivesdk,水仙ロード、大山千枚田、林道「山中線」、林道「保打田見線」、灯篭坂大師、林道「金谷元谷線」,千葉,,60,"1,363",6:35,シクロ,LOOK,X85
2017-12-24,🚲,サイクリング,横浜散策,https://connect.garmin.com/app/activity/2393781159,https://drive.google.com/file/d/107Kvt5Enga5Z7Eqg_OujCUjeg9JNj0Lk/view?usp=drivesdk,馬車道、神奈川県立歴史博物館、中華街、大さん橋、横浜開港記念会館、地蔵王廟、山手イタリア山庭園、港の見える丘公園、山下公園,神奈川,,14,120,3:35,クロス,DE ROSA,TEAM
2017-12-29,🚲,サイクリング,房総半島の林道,https://connect.garmin.com/app/activity/2401969897,https://drive.google.com/file/d/1gL6W6C06cqmTlBBF1cRnlYr-OeIqpggw/view?usp=drivesdk,林道「月崎1号線」、林道「大福線」、林道「女ヶ倉線」、林道「牛堀線」、チバニアン,千葉,,50,862,5:44,ロード,Cannondale,SYNAPSE Hi-Mod
2018-01-06,🚲,サイクリング,江の島、横浜,https://connect.garmin.com/app/activity/24092196050,https://drive.google.com/file/d/1ZJ22kwLCOmEsURWu4_oqercJG8xo9iLt/view?usp=drivesdk,江の島、みなとみらい、天富園、ベイブリッジのスカイロード跡、總持寺,東京、神奈川,,140,804,10:46,ロード,Cannondale,SYNAPSE Hi-Mod
2018-01-07,🚲,グラベル,房総半島の林道,https://connect.garmin.com/app/activity/2419004873,https://drive.google.com/file/d/1q5MF5PIwKJciN0fpA_TK_z1eOXtPP0OW/view?usp=drivesdk,林道「怒田福野線」、林道「大福線」、林道「星井畑線」、林道「奥谷線」清澄養老ライン、亀山湖,千葉,,73,"1,428",7:06,ロード,Cannondale,SYNAPSE Hi-Mod
2018-01-13,🚲,サイクリング,三浦半島,https://connect.garmin.com/app/activity/24092214042,https://drive.google.com/file/d/1DuqEI1Ao02osi-KPuhFdw7a7ROAzG7fN/view?usp=drivesdk,鶴見川、横須賀「ヴェルニー公園」、城ヶ島、稲村ケ崎、江の島、境川サイクリングロード,東京、神奈川,,194,"1,403",12:15,ロード,Cannondale,SYNAPSE Hi-Mod
2018-01-20,🚲,サイクリング,伊豆一周,https://connect.garmin.com/app/activity/2445488359,https://drive.google.com/file/d/1It0jPrsdSAYi7Gzg_17Wvh9GPzb8E2Ws/view?usp=drivesdk,道の駅「伊豆のへそ」、弓ヶ浜,静岡,伊豆イチ,190,"3,131",11:26,ロード,Cannondale,SYNAPSE Hi-Mod
2018-02-04,🚲,サイクリング,横浜、川崎、都内,https://connect.garmin.com/app/activity/2476865879,https://drive.google.com/file/d/1V5dIx3OUwMqqr2C-F7a4K89KAV1SdL7I/view?usp=drivesdk,横浜シンボルタワー、横浜中華街、金山神社、芝公園、東京駅,東京、神奈川,,125,558,8:50,ロード,Cannondale,CAAD12
2018-02-17,🚲,サイクリング,伊豆一周断念,https://connect.garmin.com/app/activity/2502848308,https://drive.google.com/file/d/1EtKAo9B5SZm5NCnBtVIIjB93q2V21oij/view?usp=drivesdk,道の駅「伊豆のへそ」、新天城トンネル、河津川の河津桜、青野川の河津桜,静岡,伊豆イチ,174,"2,639",11:14,ロード,Cannondale,CAAD12
2018-02-24,🚲,サイクリング,三浦海岸の河津桜,https://connect.garmin.com/app/activity/2517012078,https://drive.google.com/file/d/1QgBe-Z30JgApD2tnVuHExnQCoPVTimWl/view?usp=drivesdk,三浦海岸、アメ横、銀座,神奈川,🌸,4,43,1:32,小径車,r&m,BD-1
2018-03-04,🚲,サイクリング,伊豆一周,https://connect.garmin.com/app/activity/2531067667,https://drive.google.com/file/d/1nLwfuXUAQa5UNbXjtYtlaZFssGdvs-Lu/view?usp=drivesdk,道の駅「伊豆のへそ」、河津川の河津桜、青野川の河津桜,静岡,伊豆イチ,183,"3,011",12:09,ロード,Cannondale,CAAD12
2018-03-05,🚲,サイクリング,函南、芦ノ湖,https://connect.garmin.com/app/activity/24218414369,https://drive.google.com/file/d/1XPdiSk5j8seUZLKntbiV01D1By2PRGQ7/view?usp=drivesdk,柏谷横穴群、オラチェ、十国峠[770m]、芦ノ湖、三島スカイウォーク,神奈川,,57,"1,037",8:00,ロード,Cannondale,SYNAPSE Hi-Mod
2018-03-10,🚲,サイクリング,野川、仙川,https://connect.garmin.com/app/activity/2546750766,https://drive.google.com/file/d/1GD4bjbieqRPeVJ7sxfH2IaINiJkPS-Am/view?usp=drivesdk,野川、仙川,東京,,35,103,2:48,ロード,GIANT,DEFY ADVANCED
2018-03-17,🚲,サイクリング,銚子から小平,https://connect.garmin.com/app/activity/2560604463,https://drive.google.com/file/d/19G-iaIdPn1UUWBFuprreaEuKitN7dfVw/view?usp=drivesdk,ぬれ煎餅、銚子大橋、利根川、手賀沼、江戸川、東京スカイツリー,千葉、東京,,160,346,8:58,ロード,Cannondale,SYNAPSE Hi-Mod
2018-03-18,🚲,サイクリング,東村山から二子玉川,https://connect.garmin.com/app/activity/2562481392,https://drive.google.com/file/d/1ZIVTj96QM99iS5JNmyBFNz1fgm6AKeVx/view?usp=drivesdk,深大寺、二子玉川公園,東京,,61,187,5:13,ロード,GIANT,DEFY ADVANCED
2018-03-25,🚲,サイクリング,都内,https://connect.garmin.com/app/activity/2577226575,https://drive.google.com/file/d/1qSlY3LxOD_x-KCy_wk8q53FeN5NgLgvS/view?usp=drivesdk,浅草,東京,,81,507,6:35,クロス,DE ROSA,TEAM
2018-03-31,🚲,サイクリング,都幾川の桜堤,https://connect.garmin.com/app/activity/2590309494,https://drive.google.com/file/d/1giy1YaNqPuqJxqhGA1GnhAao0LjOQ0Mz/view?usp=drivesdk,都幾川の桜堤、旧下里分校、道の駅「おがわまち」、日枝神社,埼玉,🌸,24,179,3:36,クロス,DE ROSA,TEAM
2018-04-01,🚲,サイクリング,羽村のチューリップ畑,https://connect.garmin.com/app/activity/2592712783,https://drive.google.com/file/d/1A0PF7xhHYBYsMKqOrXby1maixomILL5L/view?usp=drivesdk,根川緑道、多摩サイ、平井川、羽村堰、羽村の根搦み前水田、ゾナヴォーチェ、野山北自転車公園自転車道,東京,🌸🌷,50,229,4:34,クロス,DE ROSA,TEAM
2018-04-07,🚲,サイクリング,山伏峠と子の権現,https://connect.garmin.com/app/activity/2606817672,https://drive.google.com/file/d/1jlIkuhxdYEqLkCTUqoG_Hh1buUntQcZS/view?usp=drivesdk,小沢峠[342m]、山伏峠[621m]、天目指峠[480m]、子の権現、狭山湖、多摩湖,埼玉、東京,🌸,105,"1,426",6:27,ロード,Cannondale,CAAD12
2018-04-21,🚲,サイクリング,草津白根と渋峠,https://connect.garmin.com/app/activity/2639434422,https://drive.google.com/file/d/1DGcKoEgeUgElcVKtcW9QFXUO4rNyYmTS/view?usp=drivesdk,草津白根[2160m]、雪の回廊、国道最高地点[2172m]、渋峠[2152m],群馬,,38,"1,056",4:25,ロード,Cannondale,SYNAPSE Hi-Mod
2018-04-28,🚲,サイクリング,京都散策,https://yamap.com/activities/40145945,https://drive.google.com/file/d/10Kc3A7VPuRdncG2ulwL7MfU-VXDjwx6W/view?usp=drivesdk,京都市応仁の乱古戦場など,京都,,35,341,10:11,ロード,Cannondale,CAAD12
2018-04-29,🚲,サイクリング,京都散策,https://yamap.com/activities/40145949,https://drive.google.com/file/d/1IfOap_sS9h7gskZ1XoAty6xzQJCii5hR/view?usp=drivesdk,大原三千院、鞍馬寺、貴船神社,京都,,42,926,07:01,ロード,Cannondale,CAAD12
2018-04-30,🚲,サイクリング,京都市北部,https://yamap.com/activities/39830590,https://drive.google.com/file/d/1OthGAvjVEL1Kal6eFe6od5qTGxn7jOsa/view?usp=drivesdk,前ヶ畑峠[344m]、百井峠[741m]、花脊峠[759m]、佐々里峠[735m]、美山のかやぶきの里、道の駅「美山ふれあい広場」、神明峠[395m]、六丁峠[409m]、嵯峨鳥居本の町並み,京都,,138,"2,155",10:30,ロード,Cannondale,CAAD12
2018-05-01,🚲,グラベル,京都-ダルマ峠,https://yamap.com/activities/39987321,https://drive.google.com/file/d/14Nsmn-eBvTZk69RbWcs-bpZdm44mJneS/view?usp=drivesdk,京見峠[446m]、ダルマ峠[720m]、霊心寺林道、谷山林道、神護寺、西明寺、高山寺、仁和寺,京都,,45,"1,700",08:27,ロード,Cannondale,SYNAPSE Hi-Mod
2018-05-02,🚶,ウォーキング,京都散策,,,東本願寺、渉成園、あじき路地辺り、六波羅蜜寺、安井金毘羅宮、建仁寺、祇園界隈、巽橋、大和橋、知恩院、八坂神社,京都,,,,,－,－,－
2018-05-03,🚲,サイクリング,京都散策,https://connect.garmin.com/app/activity/2671497952,https://drive.google.com/file/d/1NOGoxfTF6zEpBS9qYKcm3naYvQ_bPyV8/view?usp=drivesdk,哲学の道、南禅寺、二年坂、三年坂、雲龍院、泉涌寺、東福寺、芬陀院、法輪寺、妙心寺、等持院、北野天満宮,京都,,38,314,9:01,ロード,Cannondale,CAAD12
2018-05-12,🚲,サイクリング,林道「西川新倉線」、二十曲峠,https://connect.garmin.com/app/activity/2692276474,https://drive.google.com/file/d/1vgBmarZmOlQC-wgZH1iXmDXLXC4pgtT6/view?usp=drivesdk,林道「西川新倉線」、二十曲峠[1150m],山梨,,65,583,3:55,ロード,Cannondale,SYNAPSE Hi-Mod
2018-05-27,🚲,サイクリング,箱根の東側の林道など,https://connect.garmin.com/app/activity/2729707433,https://drive.google.com/file/d/1a3z9aJKgqfVMRK-dPxkJ6DgAqnScOqgF/view?usp=drivesdk,林道「坊所線」、足柄幹線林道、芦ノ湖、セラピーロード、明神林道、金太郎の生家跡,栃木,,65,"1,495",5:15,ロード,Cannondale,CAAD12
2018-06-03,🚲,グラベル,柳沢峠周辺の林道,https://connect.garmin.com/app/activity/2747715293,https://drive.google.com/file/d/1nzv9F0ocapYZ4kfxypKhqVoz7y3tQbUQ/view?usp=drivesdk,林道「鈴庫山線」、林道「竹森線」、林道「笠取線」、三窪高原、林道「泉水横手山線」,山梨,,107,"1,877",10:19,ロード,Cannondale,SYNAPSE Hi-Mod
2018-06-23,🚲,サイクリング,星峠の棚田など,https://connect.garmin.com/app/activity/2797252095,https://drive.google.com/file/d/1tKtzxpR9JUpUVo-qh05GA2NFRM9c3XkH/view?usp=drivesdk,美人林、星峠の棚田、峠の茶屋、蒲生の棚田、その他棚田,新潟,,38,760,5:11,ロード,Cannondale,SYNAPSE Hi-Mod
2018-06-24,🏔🚲,山サイ,奥多摩駅から有間峠へ,https://connect.garmin.com/app/activity/2800122339,https://drive.google.com/file/d/1t4yseKQ2Kl0Z7jQZMlhNuAUjop6Sje-S/view?usp=drivesdk,林道「川乗線」、林道「日向沢線」、日向沢の峰、有間峠[1142m],埼玉、東京,,118,"1,544",10:52,シクロ,LOOK,X85
2018-07-01,🚲,サイクリング,名栗湖,https://connect.garmin.com/app/activity/2816940821,https://drive.google.com/file/d/1L_tfNa8BAv7Qws6LYbqlfwpMucFqQDc7/view?usp=drivesdk,名栗湖,埼玉、東京,,94,"1,006",5:58,ロード,Cannondale,CAAD12
2018-07-08,🚲,サイクリング,小山の田んぼアート巡り,https://connect.garmin.com/app/activity/2834269999,https://drive.google.com/file/d/1Zn4TIqUuCWXC9wnPSa4I8S5wOzrax1sC/view?usp=drivesdk,逆井城、筑波サーキット,茨城,,23,74,1:50,シクロ,LOOK,X85
2018-07-08,🚲,サイクリング,小山の田んぼアート巡り,https://connect.garmin.com/app/activity/2834704214,,関東鉄道、田んぼアート、渡良瀬遊水地,群馬,,73,132,5:29,シクロ,LOOK,X85
2018-07-14,🚲,グラベル,鳥倉林道,https://connect.garmin.com/app/activity/2849928562,https://drive.google.com/file/d/1JmDfZzCNBHgs0Ixk-RMSBlog81LiRS1K/view?usp=drivesdk,鳥倉林道,長野,,41,"1,170",5:31,シクロ,LOOK,X85
2018-07-15,🚲,サイクリング,下栗の里としらびそ高原,,,下栗の里、しらびそ高原,長野,,,,,ロード,LOOK,KG585
2018-07-21,🚲,サイクリング,乗鞍高原,https://connect.garmin.com/app/activity/2867599907,https://drive.google.com/file/d/1HZzQKVtnEFFW0Hl87N9C5ANc56pE-pl3/view?usp=drivesdk,白樺峠[1630m],長野,,20,344,2:51,ロード,LOOK,KG585
2018-07-22,🚲,サイクリング,乗鞍,https://connect.garmin.com/app/activity/2881729518,https://drive.google.com/file/d/1Yg_dQigRLvx3tII4kgNBEJuLbBz4rB-e/view?usp=drivesdk,乗鞍エコーライン、畳平[2702m],長野,乗鞍,45,"1,224",3:50,ロード,LOOK,KG585
2018-07-29,🚲,サイクリング,鎌倉と湘南の海沿いをブラリ,https://connect.garmin.com/app/activity/2888459630,https://drive.google.com/file/d/1Ej2L5Dh4ga_ISq9Pz4pPXOSEtA4e3J_S/view?usp=drivesdk,円覚寺、明月院、浄明寺、一条恵観山荘、左可井、光明寺、稲村ヶ崎、藤澤浮世絵館,神奈川,,27,169,5:27,小径車,r&m,BD-1
2018-08-17,🚲,サイクリング,おにゅう峠,https://yamap.com/activities/40127456,https://drive.google.com/file/d/1L2tR26bNL35lREloPMtT2RzC__9jWvWt/view?usp=drivesdk,道の駅「若狭おばま」、上社、下社、鵜の瀬、上根来集落、林道小入谷線、おにゅう峠[846m]、道の駅「くつき新本陣」、宝牧場、水坂峠[280m]、熊川宿、小浜港,福井、滋賀,,91,"1,450",07:49,ロード,Cannondale,SYNAPSE Hi-Mod
2018-08-18,🚲,サイクリング,冠山峠,https://connect.garmin.com/app/activity/2941088550,https://drive.google.com/file/d/1DYLOkg11_wgCtAH2odFGt9JjvF3XwjuP/view?usp=drivesdk,かずら橋駐車場、林道冠山線、冠山峠[1050m]、能面美術館、かずら橋,福井,,38,827,2:54,ロード,Cannondale,SYNAPSE Hi-Mod
2018-09-02,🚲,サイクリング,福島駅から珍スポットを経由して郡山駅へ,https://connect.garmin.com/app/activity/2981220763,https://drive.google.com/file/d/1GeYuMll7E9xn40p9zWAQLJji_YlQgMuB/view?usp=drivesdk,UFOふれあい館、UFO物産館、デコ屋敷、みちのく自転車道、,福島,,64,881,4:17,小径車,r&m,BD-1
2018-09-08,🏔,登山,高尾山,https://connect.garmin.com/app/activity/2996722451,https://drive.google.com/file/d/1TgLlnKS_8LeXITP7kCIJsuUqDDafwQbP/view?usp=drivesdk,高尾山[599m],東京,,6,429,4:13,－,－,－
2018-09-09,🚲,サイクリング,大弛峠,https://connect.garmin.com/app/activity/2999432503,https://drive.google.com/file/d/15nbpQ7u52UdLkkUiooZNlCu5m63yVpZa/view?usp=drivesdk,道の駅「花かげの郷まきおか」、大弛峠[2360m],山梨,大弛峠,57,"1,787",4:36,ロード,Cannondale,SYNAPSE Hi-Mod
2018-09-16,🚲,サイクリング,巾着田,https://connect.garmin.com/app/activity/3017884472,https://drive.google.com/file/d/18myZet_dWikp4F_ss1e-J2dzU9eg7WpF/view?usp=drivesdk,巾着田、高麗神社、豆腐厨房 日高楡木店,埼玉、東京,,60,440,4:18,クロス,DE ROSA,TEAM
2018-10-06,🚲,サイクリング,鷹狩山展望台,https://connect.garmin.com/app/activity/3073814017,https://drive.google.com/file/d/1lE40K1EJX3JONc2aX_ISE5LxtstS01SH/view?usp=drivesdk,七色大カエデ、唐花見湿原、鷹狩山展望台,長野,🍁,43,790,4:11,ロード,Cannondale,SYNAPSE Hi-Mod
2018-10-07,🚲,サイクリング,御嶽パノラマラインと鈴蘭スカイライン,https://connect.garmin.com/app/activity/3073814051,https://drive.google.com/file/d/1cwAhmHHUZpRl0ZNcE6YLu_NVN9DSFsgd/view?usp=drivesdk,日和田公園、御嶽パノラマライン、大平展望台、鈴蘭スカイライン、道の駅「飛騨たかね工房」,長野,🍁,74,"1,497",5:48,ロード,Cannondale,SYNAPSE Hi-Mod
2018-10-08,🚲,サイクリング,乗鞍,https://connect.garmin.com/app/activity/3073814090,https://drive.google.com/file/d/1KQtBtMxjUBunlfxI2LvdDctqVWw8-ocX/view?usp=drivesdk,乗鞍高原、乗鞍エコーライン、畳平[2702m],長野,乗鞍,44,"1,257",4:15,ロード,Cannondale,CAAD12
2018-10-20,🚲,サイクリング,折八古関林道,https://connect.garmin.com/app/activity/3103203957,https://drive.google.com/file/d/1NBPsl7yyDsuN9F2iMI3XbzOuk9qG8z_A/view?usp=drivesdk,折八古関エコーライン、本栖道、本栖湖,山梨,🍁,54,"1,333",7:18,ロード,Cannondale,SYNAPSE Hi-Mod
2018-10-21,🚲,サイクリング,川越まつり＆うなぎポタリング,https://connect.garmin.com/app/activity/3104929864,https://drive.google.com/file/d/1OFF60cE0o-L2OHuwMAd0BUtuns_FeClb/view?usp=drivesdk,川越まつり、うなぎの「いちのや」,埼玉、東京,,54,205,3:47,クロス,DE ROSA,TEAM
2018-10-28,🚲,サイクリング,瑞牆山など,https://connect.garmin.com/app/activity/3126044194,https://drive.google.com/file/d/1n99-S1Fqs9LNuSyWJ-yx9s9c8Gd8zErz/view?usp=drivesdk,みずがき湖、高須林道、平沢峠[1450m]、野辺山、信州峠[1470m]、瑞牆山自然公園、本谷川渓谷,山梨,🍁,60,"1,620",6:44,ロード,Cannondale,SYNAPSE Hi-Mod
2018-11-03,🚲,サイクリング,大血川林道の紅葉,https://connect.garmin.com/app/activity/3136205257,https://drive.google.com/file/d/1PpjDJGj8fuC2kHOpgOymveCg8F5v90_J/view?usp=drivesdk,大血川林道、三峯神社、栃本関所跡、入川林道,埼玉,🍁,53,"1,371",7:20,ロード,Cannondale,SYNAPSE Hi-Mod
2018-11-11,🚲,サイクリング,北茨城の紅葉,https://connect.garmin.com/app/activity/3153913845,https://drive.google.com/file/d/1-HwIP-4G-jLpDPDNxppumtK7-83vwmU7/view?usp=drivesdk,袋田の滝、永源寺、道の駅「だいご」、月待ちの滝、武生林道、亀ヶ淵,茨城,🍁,75,"1,410",8:07,ロード,Cannondale,SYNAPSE Hi-Mod
2018-11-17,🚲,サイクリング,妙義山と徳明園紅葉,https://connect.garmin.com/app/activity/3166698283,https://drive.google.com/file/d/1DMTOconuwh48gv4np7_e8_j3fIKcmAZl/view?usp=drivesdk,はねこし峡、妙義山[1104m]、少林山達磨寺、洞窟観音、徳明園、高崎白衣大観音、旧富岡製糸場,群馬,🍁,80,"1,074",6:51,ロード,Cannondale,SYNAPSE Hi-Mod
2018-11-18,🚲,サイクリング,野川源流,https://connect.garmin.com/app/activity/3171385874,https://drive.google.com/file/d/1dQBGMggcxUUk5syjRKRwzUJg7cOLT8eC/view?usp=drivesdk,武蔵国分寺跡、お鷹の道、殿ヶ谷戸庭園、野川源流（日立製作所中央研究所）,東京,🍁,20,70,1:40,クロス,TREK,FX3
2018-11-23,🚲,サイクリング,宝徳寺の床もみじ,https://connect.garmin.com/app/activity/3179865649,https://drive.google.com/file/d/1irtzsMBX603XojXoxrOVqmMN7H_wodVw/view?usp=drivesdk,宝徳寺,群馬,🍁,29,210,1:57,ロード,Cannondale,SYNAPSE Hi-Mod
2018-11-23,🚲,サイクリング,足利の紅葉,https://connect.garmin.com/app/activity/3179865661,https://drive.google.com/file/d/1VzY7FlPr_tTtmxKpe9kLYDV90tOcxHqO/view?usp=drivesdk,崇禅寺、織姫神社、もみじ谷、鑁阿寺、足利学校,栃木,🍁,25,150,2:43,ロード,Cannondale,SYNAPSE Hi-Mod
2018-12-02,🚲,サイクリング,都内,https://connect.garmin.com/app/activity/3239605241,https://drive.google.com/file/d/1Qgw99jgPDhloEmqEnDRkWjyHA2VPqfx3/view?usp=drivesdk,秋葉原、丸の内、国会議事堂周辺、靖国神社、神宮外苑、西新宿、吉祥寺,東京,🍁,30,213,4:21,小径車,r&m,BD-1
2018-12-16,🚲,グラベル,狭山湖,https://connect.garmin.com/app/activity/3239605270,https://drive.google.com/file/d/1DzX3kChZ0NFbJMO0R7PuAiCEKRmqbyxA/view?usp=drivesdk,狭山湖、六道山公園,埼玉、東京,,39,279,2:15,シクロ,LOOK,X85
2018-12-23,🚲,サイクリング,横須賀、横浜,https://connect.garmin.com/app/activity/3241420327,https://drive.google.com/file/d/1kjEqZBywbTOE_5T3LFUv-XPpFJlI3H_3/view?usp=drivesdk,ヴェルニー公園、伊勢佐木町、中華街、みなとみらい,東京、神奈川,,130,897,8:11,ロード,Cannondale,CAAD12
2019-01-13,🚲,サイクリング,南伊豆,https://connect.garmin.com/app/activity/24092502445,https://drive.google.com/file/d/1GeFA75TGttT324GaQ4vnnULPELohNXNb/view?usp=drivesdk,弓ヶ浜、石廊崎、ユウスゲ公園、あいあい岬、雲見、松崎町、蛇石峠[324m]、蛇石、サンドスキー場、竜宮窟,静岡,,88,"2,363",8:09,ロード,Cannondale,SYNAPSE Hi-Mod
2019-01-14,🚲,サイクリング,お台場周辺など,https://connect.garmin.com/app/activity/3298630181,https://drive.google.com/file/d/1Ysy8-0a_d-lgHFvinghB9GI9DnnUenWz/view?usp=drivesdk,有明西ふ頭公園、水の広場公園、テレコムセンター、お台場ガンダム、豊洲ぐるり公園,東京,,25,236,2:47,小径車,r&m,BD-1
2019-01-19,🚲,サイクリング,南房総,https://connect.garmin.com/app/activity/3312463127,https://drive.google.com/file/d/1kAm0RfbpPcdT-bzsjjvB_n0aztSAj0Er/view?usp=drivesdk,道の駅「ちくら・潮風王国」、林道「畑２号線」、海底地すべり地層、海底地すべり地層、野島崎灯台、萬徳寺の釈迦涅槃像、洲崎神社の浜の鳥居、赤山地下壕跡,千葉,,62,456,4:40,ロード,Cannondale,SYNAPSE Hi-Mod
2019-01-26,🚲,サイクリング,南伊豆,https://connect.garmin.com/app/activity/3365797334,https://drive.google.com/file/d/1mmrW58Gr3EOi4oOYz6IeTL4-U-mFPzQ8/view?usp=drivesdk,雲見,静岡,,48,905,7:04,ロード,Cannondale,SYNAPSE Hi-Mod
2019-02-09,🚲,サイクリング,伊勢散策,https://connect.garmin.com/app/activity/3383330589,https://drive.google.com/file/d/15LABW1-G9mN9MaasuGu6PJOVFn5nvkUb/view?usp=drivesdk,伊勢神宮・下宮、猿田彦神社、伊勢神宮・内宮、月讀宮、倭姫宮,三重,,10,100,1:10,小径車,r&m,BD-1
2019-02-10,🚲,サイクリング,鳥羽,https://connect.garmin.com/app/activity/3383330611,https://drive.google.com/file/d/1ZWz0Ws8tNdEk3t2N05sMFBuCLj6h0Lnq/view?usp=drivesdk,夫婦岩,三重,,11,94,1:17,小径車,r&m,BD-1
2019-02-10,🚲,サイクリング,渥美半島,https://connect.garmin.com/app/activity/3383330654,https://drive.google.com/file/d/1vT66UyBqVrGkekkepGAbjILQy_mEla3z/view?usp=drivesdk,伊勢湾フェリー、伊良湖岬灯台、恋路ヶ浜、日出の石門、渥美半島自転車道、三河田原駅,愛知,,31,239,2:46,小径車,r&m,BD-1
2019-02-16,🚲,サイクリング,伊豆一周,https://connect.garmin.com/app/activity/3388362259,https://drive.google.com/file/d/1mirGRTpmutk-m-dzI9tudW_0_bjYJ3_6/view?usp=drivesdk,道の駅「伊豆のへそ」,静岡,伊豆イチ,187,"3,185",11:27,ロード,Cannondale,SYNAPSE Hi-Mod
2019-03-23,🚲,サイクリング,ときがわ町から花桃の里へ,https://connect.garmin.com/app/activity/3488881722,https://drive.google.com/file/d/1DEYzw1Yq9_FJZOSNser4_0lUKIhwHih-/view?usp=drivesdk,「林道雀川上雲線」、林道「赤木慈光線」、林道「栗山七重線」、林道「栗山線」、林道「栗山支線」、林道「御堂笠山線」、道の駅「和紙の里ひがしちちぶ」、花桃の里、道の駅「おがわまち」、旧下里分校,埼玉、東京,,62,"1,373",6:29,ロード,Cannondale,SYNAPSE Hi-Mod
2019-03-30,🚲,サイクリング,都内,https://connect.garmin.com/app/activity/3510785510,https://drive.google.com/file/d/1Kl7kDfIBdZkrtHSIx0gRewK4KQJsrJLz/view?usp=drivesdk,北の丸公園、皇居、東京駅、日本橋、小石川後楽園,東京,🌸,16,162,2:31,小径車,r&m,BD-1
2019-03-31,🚲,サイクリング,都内,https://connect.garmin.com/app/activity/3512118978,https://drive.google.com/file/d/1PpFz2WNmYoMQaaxPxLWQbZPoazKHA6ZL/view?usp=drivesdk,小平市、多摩湖自転車道、井の頭公園、神田川、西新宿、目黒川、呑川緑道、野川、武蔵野公園,東京,🌸,67,305,8:09,小径車,r&m,BD-1
2019-04-06,🚲,サイクリング,都幾川桜堤,,,日枝神社、旧下里分校,埼玉,🌸,,,,クロス,DE ROSA,TEAM
2019-04-07,🚲,サイクリング,甲州市周辺,https://connect.garmin.com/app/activity/3538106084,https://drive.google.com/file/d/1nIPKVgn1JP5xpHoXQ_eoD7IZ61i11bSV/view?usp=drivesdk,乙ヶ塚のしだれ桜、フルーツライン、慈雲寺、周林寺、ほうとうの七福、向嶽寺、放光寺,山梨,🌸,24,479,2:11,ロード,Cannondale,SYNAPSE Hi-Mod
2019-04-13,🚲,サイクリング,白州周辺,https://connect.garmin.com/app/activity/3553430934,https://drive.google.com/file/d/1UwsBImbH1Ye4dV_bablLYQP3PU8l5CFw/view?usp=drivesdk,わに塚の桜、関の桜、槇原桜並木、実相寺、ホタル親水公園,山梨,🌸,19,307,2:23,ロード,Cannondale,SYNAPSE Hi-Mod
2019-04-18,🚲,サイクリング,武蔵国分寺の桜,,,真姿の池、お鷹の道、武蔵国分寺跡,東京,🌸,,,,クロス,DE ROSA,TEAM
2019-04-20,🚲,サイクリング,都内,https://connect.garmin.com/app/activity/3573272393,https://drive.google.com/file/d/154cVcQDHkditkApqpnQYHfO1szDOvg-g/view?usp=drivesdk,上野公園、トーハク、根津神社、六義園、巣鴨,東京,,21,170,2:23,小径車,r&m,BD-1
2019-04-21,🚲,サイクリング,正丸峠まで,https://connect.garmin.com/app/activity/3575591085,https://drive.google.com/file/d/1msu0qcXLC3LEA9p02FskO22dYsabCCvN/view?usp=drivesdk,小沢峠[342m]、山伏峠[621m]、正丸峠[640m],埼玉、東京,🌸,98,"1,034",5:21,ロード,Cannondale,CAAD12
2019-04-28,🚲,サイクリング,角島、千畳敷,https://connect.garmin.com/app/activity/3598989349,https://drive.google.com/file/d/1tBXcgGqBYecpj7xennjrOPULi1OkIFqJ/view?usp=drivesdk,みのりロード、角島、元乃隅稲成神社、千畳敷,山口,島,78,"1,282",5:14,ロード,Cannondale,SYNAPSE Hi-Mod
2019-05-01,🚲,サイクリング,瓶ヶ森林道,https://connect.garmin.com/app/activity/3607368641,https://drive.google.com/file/d/1sXShlHQz-kH4cn_FsZDHQk9qF9iAynRM/view?usp=drivesdk,瓶ヶ森林道、UFOライン、吉野川源流の碑[1668m],愛媛、高知,,55,"1,417",4:59,ロード,Cannondale,SYNAPSE Hi-Mod
2019-05-02,🚲,サイクリング,剣山、大歩危小歩危,https://connect.garmin.com/app/activity/3610786622,https://drive.google.com/file/d/1IZxLMgqcnrRnMlR4A60c1p1U_OltRllA/view?usp=drivesdk,見ノ越、奥祖谷二重かずら橋、落合集落、大歩危、小歩危,徳島,,131,"1,894",9:08,ロード,Cannondale,SYNAPSE Hi-Mod
2019-05-03,🚲,グラベル,剣山スーパー林道,https://connect.garmin.com/app/activity/3613504573,https://drive.google.com/file/d/1F6fUScif4MklyNIzMgH4bzVfan6exEID/view?usp=drivesdk,岩倉分岐、徳島のへそ、ファガズの森、大釜の滝、大轟の滝,徳島,スーパー林道,71,"1,821",8:07,シクロ,LOOK,X85
2019-05-12,🚲,サイクリング,安倍峠,https://connect.garmin.com/app/activity/3641718200,https://drive.google.com/file/d/17JPoWMfe2VqQiXk6f0Vm0fhtmAhbpj4n/view?usp=drivesdk,興津、梅ヶ島温泉、安倍峠[1416m],静岡,,127,"2,266",09:30,ロード,Cannondale,CAAD12
2019-05-18,🚲,サイクリング,都内,https://connect.garmin.com/app/activity/3658868638,https://drive.google.com/file/d/1TfW5m5TmOSe23aOomP0e2pV3SoLTpaCY/view?usp=drivesdk,六義園,東京,,62,177,4:24,クロス,DE ROSA,TEAM
2019-05-19,🚲,サイクリング,都内,https://connect.garmin.com/app/activity/3662898354,https://drive.google.com/file/d/1z03-cv-QmIYFdTWKDiWQ8VH23q3_NmED/view?usp=drivesdk,巣鴨、旧古河庭園、六義園、鬼子母神,東京,,70,216,6:16,クロス,TREK,FX3
2019-05-26,🚲,サイクリング,有間峠,https://connect.garmin.com/app/activity/3685008389,https://drive.google.com/file/d/1onUfb8qioc8GGSaDOsdbBcC6B6FJnKYo/view?usp=drivesdk,有間峠[1142m],埼玉、東京,,110,"1,455",6:55,ロード,Cannondale,CAAD12
2019-06-16,🚲,グラベル,中津川林道,https://connect.garmin.com/app/activity/3752974529,https://drive.google.com/file/d/1-irWm3WkuOpcYQmP4pUlPwpeOWKvm7cl/view?usp=drivesdk,野辺山駅、川上村、馬越峠[1606m]、林道「相木川上線」、中津川林道,埼玉、長野,,101,"1,638",8:31,MTB,GIANT,XTC ADVANCED 3
2019-06-23,🚲,サイクリング,鎌倉,https://connect.garmin.com/app/activity/3806202435,https://drive.google.com/file/d/1_q0aiz5yos1t77WdcynU-qnfYMWV-vjZ/view?usp=drivesdk,東慶寺、浄智寺、長寿寺、亀ヶ谷坂、海蔵寺、英勝寺、浄光明寺、光明寺、極楽寺、力餅家,神奈川,,21,187,2:39,小径車,r&m,BD-1
2019-07-13,🚲,サイクリング,白布峠,https://connect.garmin.com/app/activity/24092680593,https://drive.google.com/file/d/16piy1bsEwpnPc9mWeB-THexSEPBbxwOe/view?usp=drivesdk,喜多方市街、上杉神社、白布峠[1404m],福島,,135,"1,751",09:30,ロード,Cannondale,CAAD12
2019-07-21,🚲,サイクリング,乗鞍,,,乗鞍エコーライン、畳平[2702m],長野,乗鞍,,,,ロード,Cannondale,CAAD12
2019-07-28,🚲,サイクリング,大弛峠と夢の庭園,https://connect.garmin.com/app/activity/3890363465,https://drive.google.com/file/d/1_Df4BQALcKqq1iAocFJrKeZAoJzXj1OO/view?usp=drivesdk,道の駅「道の駅 花かげの郷 まきおか」、大弛峠[2360m]、夢の庭園,山梨,大弛峠,60,"1,840",06:30,ロード,Cannondale,CAAD12
2019-08-12,🚲,グラベル,男体山周回,https://connect.garmin.com/app/activity/3947641272,https://drive.google.com/file/d/1XYf_iOtOw_0oa382QW2YnYeJg32QXVPX/view?usp=drivesdk,林道「裏男体線」、志津峠[1785m]、林道「志津線」、林道「野洲原線」、いろは坂、中禅寺湖、戦場ヶ原,栃木,,50,"1,184",5:56,シクロ,LOOK,X85
2019-08-13,🚲,サイクリング,千手ヶ浜,,,戦場ヶ原、小田代ヶ原、千手ヶ浜,栃木,,,,,シクロ,LOOK,X85
2019-08-24,🚶,ウォーキング,上高地,https://connect.garmin.com/app/activity/4005063125,https://drive.google.com/file/d/1CeHH6IJ-NcJ4nDYCVm2fsNWgBM8oRdXg/view?usp=drivesdk,上高地、明神池,長野,,7,72,3:29,－,－,－
2019-09-01,🚲,サイクリング,足柄峠とその他峠,https://connect.garmin.com/app/activity/4011767977,https://drive.google.com/file/d/1oUdnxsdDpgLyAa9hJM4DFhC2fWJSDafW/view?usp=drivesdk,足柄峠[759m]、籠坂峠[1104m]、山中湖、三国峠[1168m]、明神峠[895m]、長尾峠[911m]、林道足柄幹線,神奈川、静岡,,110,"2,366",8:35,ロード,Cannondale,CAAD12
2019-09-08,🚲,グラベル,御荷鉾スーパー林道を途中まで,https://connect.garmin.com/app/activity/4035828945,https://drive.google.com/file/d/1-lH9j9kIgEf2MPreq5gt5vbFZCli1_6f/view?usp=drivesdk,塩ノ沢峠[1060m]、御荷鉾スーパー林道,群馬,スーパー林道,63,"1,338",5:23,ロード,Cannondale,SYNAPSE Hi-Mod
2019-09-14,🏔🚲,登山,大弛峠サイクリング、朝日岳登山,https://connect.garmin.com/app/activity/4062883628,https://drive.google.com/file/d/12Dov0APqZ5x8Oti1iJ3I1tQX92uupxSA/view?usp=drivesdk,道の駅「道の駅 花かげの郷 まきおか」、大弛峠[2360m]、朝日岳[2579m],山梨,大弛峠,62,"2,127",8:48,ロード,Cannondale,SYNAPSE Hi-Mod
2019-09-28,🚲,サイクリング,城南島,https://connect.garmin.com/app/activity/4171374295,https://drive.google.com/file/d/1Cp0LquTJhvO5PySULoGr62ImkE96uAzW/view?usp=drivesdk,城南島、丸の内,東京,,5,34,0:26,小径車,r&m,BD-1
2019-10-20,🚲,サイクリング,多摩,https://connect.garmin.com/app/activity/4211915003,https://drive.google.com/file/d/1T7-KFF6jbngJsx_57rlGLe_VrvptgtUu/view?usp=drivesdk,羽村市動物公園,東京,,36,80,2:23,クロス,DE ROSA,TEAM
2019-10-26,🏔,登山,パノラマ台,https://connect.garmin.com/app/activity/4211915036,https://drive.google.com/file/d/1GXmmn60DyxFFD7ZIYQBnOyv28iFRtWPo/view?usp=drivesdk,パノラマ台,山梨,,4,,3:30,－,－,－
2019-11-02,🚲,サイクリング,湯西川周回,https://connect.garmin.com/app/activity/4233128751,https://drive.google.com/file/d/1An82OJgFuAJY9bcNK2aHdetHNkuqVbDH/view?usp=drivesdk,道の駅「湯西川」、土呂部、平家の里,栃木,,43,808,3:42,ロード,Cannondale,CAAD12
2019-11-03,🚲,サイクリング,矢ノ原湿原,https://connect.garmin.com/app/activity/4233128790,https://drive.google.com/file/d/1zkvrbPA3pHTS5bQRVxtCb_nW6cHALCoD/view?usp=drivesdk,道の駅「からむし織の里しょうわ」、矢ノ原湿原、旧喰丸小学校,福島,🍁,18,349,2:29,ロード,Cannondale,SYNAPSE Hi-Mod
2019-11-04,🚲,サイクリング,先手ヶ浜,https://connect.garmin.com/app/activity/4233128850,https://drive.google.com/file/d/1jby3b5BG-l4wCXXPidvzSELCTpNpAtpf/view?usp=drivesdk,先手ヶ浜,栃木,🍁,19,254,2:58,ロード,Cannondale,SYNAPSE Hi-Mod
2019-11-09,🚲,サイクリング,富士河口湖,https://connect.garmin.com/app/activity/4294609465,https://drive.google.com/file/d/1Whkfl80E_4Ood1qaKvW2DipdThf-6S4H/view?usp=drivesdk,富士河口湖,山梨,🍁,46,487,5:40,シクロ,LOOK,X85
2019-11-16,🚲,サイクリング,昭和記念公園,https://connect.garmin.com/app/activity/4294609489,https://drive.google.com/file/d/1hm_iwgHIW82x9r9lfxSEFvVJyzor7t61/view?usp=drivesdk,昭和記念公園,東京,🍁,22,86,1:56,クロス,DE ROSA,TEAM
2019-11-30,🚲,サイクリング,飯能市・東郷公園,https://connect.garmin.com/app/activity/4298624752,https://drive.google.com/file/d/1X7yiNJ1ZzGzPOsF1SZ35NmO2Ll3fodtp/view?usp=drivesdk,東郷公園,埼玉,🍁,3,26,0:15,小径車,r&m,BD-1
2019-11-30,🚲,サイクリング,飯能市 ・能仁寺,https://connect.garmin.com/app/activity/4298624779,https://drive.google.com/file/d/1i5KXZFeGDEvCKlhbG3mulo1cbSgTqZVk/view?usp=drivesdk,能仁寺,埼玉,🍁,3,21,1:08,小径車,r&m,BD-1
2019-11-30,🚲,サイクリング,平林寺,https://connect.garmin.com/app/activity/4298624793,https://drive.google.com/file/d/1z8ms92Wx6WBvJ7ZnFsWjGX0U5Qw_lxId/view?usp=drivesdk,平林寺,埼玉,🍁,7,14,0:37,小径車,r&m,BD-1
2019-12-08,🚲,サイクリング,三渓園,https://connect.garmin.com/app/activity/4334538109,https://drive.google.com/file/d/1LzY6HY7fAFfuUu37nnpdpHjPt5SsEPzn/view?usp=drivesdk,三渓園,神奈川,🍁,8,24,3:13,小径車,r&m,BD-1
2019-12-08,🚲,サイクリング,都内,https://connect.garmin.com/app/activity/4334538151,https://drive.google.com/file/d/1FDNNmTsBWF2TLjsZiZcYqf9-qwQFGaJ1/view?usp=drivesdk,東京駅、神宮外苑,東京,🍁,7,64,1:06,小径車,r&m,BD-1
2019-12-14,🚲,サイクリング,成田空港,https://connect.garmin.com/app/activity/4353563430,https://drive.google.com/file/d/1bqy8jDWJkQFbEypGyqh6UhR1Qb1qkjd7/view?usp=drivesdk,成田空港,千葉,,6,100,3:38,クロス,DE ROSA,TEAM
2019-12-21,🚲,サイクリング,江ノ島,https://connect.garmin.com/app/activity/4421499539,https://drive.google.com/file/d/1Io11N500AWlzTkMhmlkVAd_dCImXQd1A/view?usp=drivesdk,江ノ島,神奈川,🍁,30,128,3:05,クロス,DE ROSA,TEAM
2020-01-04,🚶,ウォーキング,巌流島、唐戸,,,唐戸、巌流島、赤間神宮、関門トンネル人道,山口,,,,,－,－,－
2020-01-11,🚲,サイクリング,掛川から島田まで,https://connect.garmin.com/app/activity/4428441086,https://drive.google.com/file/d/1rRATRLldFvZrz3KeNCdvR4C5t-tm-uQv/view?usp=drivesdk,掛川城、日坂宿、小屋の中山、菊川坂、金谷坂、ふじのくに茶の都ミュージアム、牧ノ原台地の金谷茶畑、牧ノ原台公園、大井川の川越、蓬莱橋,静岡,,32,508,5:39,小径車,r&m,BD-1
2020-01-13,🚲,サイクリング,若洲海浜公園など,https://connect.garmin.com/app/activity/4472679489,https://drive.google.com/file/d/1BMUrjYrBAT7tUk_w6aJdm_HO6wqgRcdN/view?usp=drivesdk,若洲海浜公園、豊洲ぐるり公園、銀座、丸の内,東京,,27,134,3:35,小径車,r&m,BD-1
2020-01-25,🚲,サイクリング,房総の素掘りのトンネルと笠森観音,https://connect.garmin.com/app/activity/4476107074,https://drive.google.com/file/d/1vP9wEVfDLks-rR5WSrNBbLtsYekS5rbR/view?usp=drivesdk,柿木台第一トンネル、永昌寺トンネル、チバニアン、月崎トンネル、共栄・向山トンネル、笠森観音,千葉,,74,"1,079",07:00,ロード,,SYNAPSE Hi-Mod
2020-06-27,🚲,登山,道の駅から大弛峠、金峰山登山,https://yamap.com/activities/10173918,https://drive.google.com/file/d/1cjmpsBOiwUcVLS50PAzRI4_2gKLOEa7G/view?usp=drivesdk,道の駅「道の駅 花かげの郷 まきおか」、大弛峠[2360m]、金峰山[2599m],山梨,大弛峠,52,"2,164",11:31,ロード,Cannondale,CAAD12
2020-08-08,🏔🚲,登山,後山林道から雲取山へ,https://yamap.com/activities/10173903,https://drive.google.com/file/d/1SsMaA02MCZHB4W-c8XWC18H8u-gMPueN/view?usp=drivesdk,後山林道、雲取山[2017m],東京、山梨,雲取山,38,"3,469",10:45,シクロ,LOOK,X85
2020-08-10,🏔🚲,登山,鷹ノ巣山,https://yamap.com/activities/10173874,https://drive.google.com/file/d/1I62Tjfy61gmwqW4mYDj__qv1Zwx9YJdA/view?usp=drivesdk,鷹ノ巣山[1737m],東京,,30,"2,567",06:51,シクロ,LOOK,X85
2020-08-14,🏔,登山,笠取山,https://yamap.com/activities/10173832,https://drive.google.com/file/d/1UabnBNtKgcUEU7Bm_L6Ztiax80L9xdvJ/view?usp=drivesdk,笠取山[1953m],山梨,,11,916,06:57,－,－,－
2020-09-21,🏔🚲,登山,乗鞍岳（剣ヶ峰）,https://yamap.com/activities/10174898,https://drive.google.com/file/d/14UgXsgVA0XiUY2GHFISAyhdVEXNc69yn/view?usp=drivesdk,乗鞍高原、乗鞍エコーライン、畳平[2702m]、剣ヶ峰[3026m]、乗鞍高原,長野,北アルプス,28,"1,439",07:27,ロード,Cannondale,CAAD12
2020-10-18,🏔,登山,浅草岳,https://yamap.com/activities/10173982,https://drive.google.com/file/d/1IZOWft14SOMJ2z_ylzZesr6tp2ebdkRR/view?usp=drivesdk,浅草岳[1585m],新潟,,8,783,06:18,－,－,－
2021-01-11,🏔🚲,登山,なちゃぎり林道から高水山・岩茸石山へ,https://yamap.com/activities/10173765,https://drive.google.com/file/d/1Y3VunvXJ0-Eedu3GGpxHNCNYOzvvZief/view?usp=drivesdk,なちゃぎり林道、高水山[759m]、岩茸石山[793m],東京,,3,212,01:39,e-bike,Cannondale,Topstone Neo Carbon 4
2021-02-07,🏔🚲,登山,林道大岳線から大岳山へ,https://yamap.com/activities/9723220,https://drive.google.com/file/d/1_gHwnKI40HsGyIevytqJwiVznWKdKE5M/view?usp=drivesdk,林道大岳線、大岳山[1266m],東京,,6,773,04:43,e-bike,Cannondale,Topstone Neo Carbon 4
2021-02-11,🏔🚲,登山,岩茸石山に寄って棒ノ折山へ,https://yamap.com/activities/9782151,https://drive.google.com/file/d/1FdOdkJaf5XSgh1pQMkdGS4NADzNW8qT6/view?usp=drivesdk,岩茸石山[793m]、棒ノ折山[969m],東京,,11,"1,067",05:27,ロード,Cannondale,SYNAPSE Hi-Mod
2021-02-13,🏔🚲,登山,真名井林道から川苔山へ,https://yamap.com/activities/9836913,https://drive.google.com/file/d/1_D0_XhGNUGj5Q_QLkI2zL0RkRntvmTAh/view?usp=drivesdk,真名井林道、川苔山[1363m],東京,,5,509,03:10,e-bike,Cannondale,Topstone Neo Carbon 4
2021-02-23,🏔🚲,登山,赤指山から雲取山へ,https://yamap.com/activities/9999240,https://drive.google.com/file/d/1Tr0_wvSO0-UJXbeE6pzOXMfMaT77-X1x/view?usp=drivesdk,赤指山[1333m]、雲取山[2017m],東京,雲取山,16,"1,212",06:43,e-bike,Cannondale,Topstone Neo Carbon 4
2021-02-27,🏔,登山,高川山,https://yamap.com/activities/10038385,https://drive.google.com/file/d/1cgIe9xQ6gYsdtNt3XXFIFkXmNAsG3IqF/view?usp=drivesdk,高川山[976m],山梨,,9,704,04:32,－,－,－
2021-03-06,🏔,登山,雲取山,https://yamap.com/activities/10135752,https://drive.google.com/file/d/1nI4fLvE5UfaLC_YqQNYLsoG8e5lrF4MC/view?usp=drivesdk,雲取山[2017m],東京,雲取山,21,"1,550",06:44,－,－,－
2021-03-14,🏔,登山,石割山・大平山,https://yamap.com/activities/10242832,https://drive.google.com/file/d/1iIvyld_veBXsIeobEGkifsEfDXkx8WKc/view?usp=drivesdk,石割山[1412m]、大平山[1296m],山梨,,4,242,02:28,－,－,－
2021-03-18,🏔,登山,金時山・長尾山,https://yamap.com/activities/10292593,https://drive.google.com/file/d/1_AJYWM6rApMbmEU6GA_iRztjFDtjeJr0/view?usp=drivesdk,金時山[1212m]、長尾山[1144m],神奈川,,7,658,03:46,－,－,－
2021-04-24,🏔🚲,登山,富田新道から雲取山へ,https://yamap.com/activities/10805050,https://drive.google.com/file/d/1M3ycWLhxH0aMkXM7DPPliSrBwuUqHKNR/view?usp=drivesdk,富田新道、雲取山[2017m],東京,雲取山,11,"1,245",06:07,e-bike,Cannondale,Topstone Neo Carbon 4
2021-05-23,🏔,登山,天女山から権現岳へ,https://yamap.com/activities/11336362,https://drive.google.com/file/d/1HIQcr7qc9GI1qkePWHiCN2OYiOffl3SR/view?usp=drivesdk,"
天女山登山口、天女山[1531m]、権現岳[2715m]、
天女山登山口",山梨,八ヶ岳,11,"1,303",08:29,－,－,－
2021-05-29,🏔,登山,青木鉱泉から鳳凰三山へ,https://yamap.com/activities/11437420,https://drive.google.com/file/d/1Y6A65kQ8-eou9LF9YnUlThdeC-hyQ0Jr/view?usp=drivesdk,青木鉱泉、地蔵岳[2764m]、観音岳[2841m]、薬師岳[2780m]、青木鉱泉,山梨,南アルプス,16,"2,072",11:23,－,－,－
2021-06-05,🏔🚲,登山,大弛峠越えのついでに夢の庭園へ,https://yamap.com/activities/11547026,https://drive.google.com/file/d/1FkDnYvc31_JIB_okcsx381mF1An5s855/view?usp=drivesdk,大弛峠[2360m]、夢の庭園,山梨,大弛峠,1,87,00:38,e-bike,Cannondale,Topstone Neo Carbon 4
2021-06-12,🏔🚲,登山,本沢温泉の方から硫黄岳へ,https://yamap.com/activities/11693375,https://drive.google.com/file/d/1TcrXlMpf_C6mVlbzbirYqT9X1osnAP99/view?usp=drivesdk,稲子湯唐沢橋登山口駐車場、本沢温泉、夏沢峠[2429m]、硫黄岳[2760m]、稲子湯唐沢橋登山口駐車場,長野,八ヶ岳,28,"2,127",10:28,e-bike,Cannondale,Topstone Neo Carbon 4
2021-06-20,🏔🚲,登山,天狗岳から白駒池へ,https://yamap.com/activities/11803136,https://drive.google.com/file/d/1_lEXZ2myoa8ErlUyugufvj4_b4fK6R3h/view?usp=drivesdk,天狗岳[2646m]、白駒池,長野,八ヶ岳,9,"1,015",08:14,e-bike,Cannondale,Topstone Neo Carbon 4
2021-06-26,🏔🚲,登山,裸山・櫛形山,https://yamap.com/activities/11884488,https://drive.google.com/file/d/14CQWyX94LGlADQC-ZI1YHAglSVGQWAY4/view?usp=drivesdk,裸山[2003m]、櫛形山[2052m],山梨,,9,711,03:22,e-bike,Cannondale,Topstone Neo Carbon 4
2021-07-03,🏔🚲,登山,荒幡富士,https://yamap.com/activities/11975774,https://drive.google.com/file/d/1N3lq04V8oOZkMle0HvnPfDotZppXmtVH/view?usp=drivesdk,荒幡富士、多摩湖,東京,,0,0,00:08,e-bike,Cannondale,Topstone Neo Carbon 4
2021-07-10,🏔,登山,秋葉山,https://yamap.com/activities/12029522,https://drive.google.com/file/d/1NmH11KS06mNMUpRWGJ78GFmkib9brPgT/view?usp=drivesdk,秋葉山[866m],静岡,,1,93,01:00,－,－,－
2021-07-17,🏔🚲,登山,女峰山・帝釈山,https://yamap.com/activities/12130207,https://drive.google.com/file/d/179n9Dn3JZbsCsP02DXC4d9-sUcpm0EC-/view?usp=drivesdk,女峰山[2483m]、帝釈山[2455m]、富士見峠[2036m],栃木,,27,"1,488",08:51,e-bike,Cannondale,Topstone Neo Carbon 4
2021-07-18,🏔🚲,登山,戦場ヶ原・千手ヶ浜・小田代ヶ原,https://yamap.com/activities/12160051,https://drive.google.com/file/d/1vKAWNbSYCnRFMTS62a4UrVFYuDZzNfoP/view?usp=drivesdk,湯川、戦場ヶ原、千手ヶ浜、小田代ヶ原,栃木,,6,154,03:23,e-bike,Cannondale,Topstone Neo Carbon 4
2021-07-22,🏔,登山,松手山・平標山・仙ノ倉山,https://yamap.com/activities/12230188,https://drive.google.com/file/d/17G25P2cH1cv9P9Y-hFcXbZEyuA7hUPSU/view?usp=drivesdk,松手山[1614m]、平標山[1984m]、仙ノ倉山[2026m],新潟,,14,"1,335",07:42,－,－,－
2021-07-23,🏔,登山,巻機山,https://yamap.com/activities/12267522,https://drive.google.com/file/d/1uGTAXoTRhf1iO1DpCaXzP70FgPFYJqDU/view?usp=drivesdk,巻機山[1967m],新潟,,12,"1,435",08:21,－,－,－
2021-07-24,🏔,登山,神楽ヶ峰・苗場山,https://yamap.com/activities/12297354,https://drive.google.com/file/d/1HHdWRExWY17Ci1hoecpxXDnZLKeY0CdY/view?usp=drivesdk,苗場山[2145m],新潟,,16,"1,376",08:03,－,－,－
2021-07-25,🚲,グラベル,狭山湖,https://yamap.com/activities/12339953,https://drive.google.com/file/d/1Al--tpsrsCB2aLie7LxGRwAorx5Ai7yM/view?usp=drivesdk,多摩湖、狭山湖,埼玉、東京,,22,306,01:53,e-bike,Cannondale,Topstone Neo Carbon 4
2021-08-28,🏔,登山,常念岳・蝶ヶ岳,https://yamap.com/activities/12759191,https://drive.google.com/file/d/1YDY8i9VXdz2Kfdk8aqfSczPDE_4hENsO/view?usp=drivesdk,三俣、前常念岳[2662m]、常念小屋、常念岳[2857m]、蝶ヶ岳[2677m]、三俣,長野,北アルプス,20,"2,549",16:07,－,－,－
2021-09-19,🏔🚲,登山,焼岳(北峰),https://yamap.com/activities/13122597,https://drive.google.com/file/d/16c01Qz9sxieAeKgwz_YgjyUR8_B6F_YB/view?usp=drivesdk,焼岳[2455m]、上高地,長野,北アルプス,7,180,05:01,e-bike,Cannondale,Topstone Neo Carbon 4
2021-09-20,🚲,サイクリング,乗鞍,https://yamap.com/activities/13278897,https://drive.google.com/file/d/1TefokQyZNBIj14qAQTRnyszF0blyvz0e/view?usp=drivesdk,乗鞍エコーライン、畳平[2702m],長野,乗鞍,41,"1,217",3:42,ロード,Cannondale,SYNAPSE Hi-Mod
2021-09-23,🚲,サイクリング,道の駅「みょうぎ」から佐久へサイクリング,https://yamap.com/activities/13248236,https://drive.google.com/file/d/1ENzkw6QIwzEmDcEW4FOeAfO2RlVZHe9e/view?usp=drivesdk,道の駅「みょうぎ」、中之岳神社、碓氷峠のめがね橋、龍岡城址,群馬,,103,"1,621",08:39,ロード,Cannondale,SYNAPSE Hi-Mod
2021-10-02,🏔,登山,一ノ沢登山口から常念岳へ（常念小屋宿泊）,https://yamap.com/activities/13407550,https://drive.google.com/file/d/1hNoVSCX1dEvuVWW5sIMaANrj3vyZws8G/view?usp=drivesdk,常念岳[2857m]、常念小屋,長野,北アルプス,7,"1,550",09:28,－,－,－
2021-10-03,🏔,登山,常念小屋から燕山荘へ,https://yamap.com/activities/13458770,https://drive.google.com/file/d/19w4njSprT7UTgPGW6E_kVfaKqkKCVI9Y/view?usp=drivesdk,常念小屋、大天井岳[2922m]・燕山荘,長野,北アルプス,11,949,07:31,－,－,－
2021-10-04,🏔,登山,燕岳,https://yamap.com/activities/13493178,https://drive.google.com/file/d/1PTZaxpQRbXMRpzkYPadu1sVFo0SBxBpI/view?usp=drivesdk,燕山荘、燕岳[2763m]、中房温泉,長野,北アルプス,6,149,03:26,－,－,－
2021-10-10,🏔,登山,御岳山・鍋割山,https://yamap.com/activities/13628176,https://drive.google.com/file/d/13y7hALxE0zjFaiv1dZpnBHJCbLLU_UmG/view?usp=drivesdk,大岳山[1266m]・御岳山[929m]・御前山(東京、山梨),東京,,9,828,05:48,－,－,－
2021-10-16,🚲,サイクリング,破風岳・土鍋山の登山は断念して渋峠へ,https://yamap.com/activities/13721316,https://drive.google.com/file/d/1__0mg7mK-GfwLsQLG-TmF7PrxtwyAxJq/view?usp=drivesdk,渋峠[2172m],群馬,,47,"1,595",05:54,e-bike,Cannondale,Topstone Neo Carbon 4
2021-10-23,🏔,登山,蓼科湖と横谷峡を散策,https://yamap.com/activities/13820073,https://drive.google.com/file/d/1ffsl3SrpMhAE8CxnAw5K5o_Mqqbse0ib/view?usp=drivesdk,蓼科湖、横谷峡、御射鹿池,長野,🍁,15,910,06:34,－,－,－
2021-10-24,🚲,サイクリング,麦草峠サイクリング,https://yamap.com/activities/13849622,https://drive.google.com/file/d/1Uc8vxWSvYxBHRZ4W1Vsbe56wYDpPYZE3/view?usp=drivesdk,白駒池、麦草峠[2127m],長野,八ヶ岳,28,984,03:19,ロード,Cannondale,SYNAPSE Hi-Mod
2021-10-30,🏔,登山,三頭山,https://yamap.com/activities/13967282,https://drive.google.com/file/d/10sWrriAmT7PUwoWy43DwWPWdJL0CSNIp/view?usp=drivesdk,三頭山[1531m],東京,🍁,7,726,04:51,－,－,－
2021-11-02,🏔,ハイキング,高瀬ダムとその周辺の紅葉散策,https://yamap.com/activities/14032756,https://drive.google.com/file/d/1LEJyYqQaxUt0i4vGmsQFu4Juj2JcEp-G/view?usp=drivesdk,高瀬ダム,長野,🍁,6,215,03:13,－,－,－
2021-11-03,🏔🚲,登山,瑞牆山登山と林道サイクリング,https://yamap.com/activities/14063955,https://drive.google.com/file/d/1b3C3dhh8he8uNOclQLEyZFy28CvwkqU8/view?usp=drivesdk,瑞牆山[2230m],山梨,🍁,49,"3,074",07:52,e-bike,Cannondale,Topstone Neo Carbon 4
2021-11-07,🏔🚲,登山,乾徳山ついでに徳和渓谷,https://yamap.com/activities/14159534,https://drive.google.com/file/d/1IasiEzNMaXQe7p6aon9DvMiQUicrCXuz/view?usp=drivesdk,乾徳山[2031m]、徳和渓谷,山梨,🍁,8,844,05:03,e-bike,Cannondale,Topstone Neo Carbon 4
2021-11-13,🏔,登山,大菩薩嶺,https://yamap.com/activities/14260750,https://drive.google.com/file/d/1loOO4DC8HloTz46JPAQaHjf4UZWVCdY9/view?usp=drivesdk,大菩薩嶺[2057m],山梨,,8,588,05:19,－,－,－
2021-11-14,🚲,サイクリング,御岳渓谷・鳩ノ巣渓谷,https://yamap.com/activities/14308427,https://drive.google.com/file/d/1alfoMlA6v4JhbFSHqJpphy3lnYG8m9KC/view?usp=drivesdk,御岳渓谷、鳩ノ巣渓谷,東京,🍁,78,491,09:26,ロード,Cannondale,SYNAPSE Hi-Mod
2021-11-20,🏔🚲,登山,小鹿野アルプス,https://yamap.com/activities/14391145,https://drive.google.com/file/d/1S1j6IKQXofFzX_iP0p3GrMFIvJS8gw7n/view?usp=drivesdk,小鹿野アルプス,埼玉,,33,"1,094",06:54,小径車,r&m,BD-1
2021-11-23,🏔🚲,登山,白谷ノ丸・白谷小丸・大蔵高丸とついでに林道,https://yamap.com/activities/14464965,https://drive.google.com/file/d/1sV4zHOFK5UWhsLnjBJ8p8DYSGCRq8Ojw/view?usp=drivesdk,白谷ノ丸[1920m]、白谷小丸[1895m]、大蔵高丸[1781m],山梨,🍁,26,"1,222",05:48,e-bike,Cannondale,Topstone Neo Carbon 4
2021-11-27,🏔,登山,道坂隧道から今倉山・赤岩・二十六夜山へ,https://yamap.com/activities/14530351,https://drive.google.com/file/d/1qKePJcbFT--LH-FqVbHnOc7kCv7NMPpM/view?usp=drivesdk,今倉山[1470m]、赤岩、二十六夜山[972m],山梨,,15,754,06:21,－,－,－
2021-11-28,🏔,登山,笠取山,https://yamap.com/activities/14557430,https://drive.google.com/file/d/15HOccA4g9uqxUX4AVf-rLrBp5Ee0YmVm/view?usp=drivesdk,笠取山[1953m],山梨,,10,790,04:33,－,－,－
2021-12-04,🚶🚲,ウォーキング,小石川後楽園と殿ヶ谷戸庭園,https://yamap.com/activities/14636178,https://drive.google.com/file/d/1zZPA87x6vhKixoZWtHvwmDPdbX_qS1dX/view?usp=drivesdk,小石川後楽園、殿ヶ谷戸庭園,東京,🍁,6,30,04:11,小径車,r&m,BD-1
2021-12-05,🏔,登山,猿橋駅から御前山・九鬼山に登って禾生駅へ,https://yamap.com/activities/14650930,https://drive.google.com/file/d/1ZSHtCeZfjniiyv4HYQB-uP-7JH08yJmr/view?usp=drivesdk,御前山[776m]、九鬼山[970m],山梨,,9,"1,005",04:40,－,－,－
2021-12-11,🏔,登山,高川山・峯山・オキ山・むすび山,https://yamap.com/activities/14734150,https://drive.google.com/file/d/1PNMVbXSdFYBUZHPZltwHPynyn4GSCd0_/view?usp=drivesdk,高川山[976m]、峯山[584m]、オキ山[513m]、むすび山[463m],山梨,,9,704,05:32,－,－,－
2021-12-12,🏔🚲,山サイ,赤ぼっこと二つ塚,https://yamap.com/activities/14763691,https://drive.google.com/file/d/1p22SWa52JbiZ9blSO4ylCOOghmHoi4Ip/view?usp=drivesdk,赤ぼっこ、二つ塚,東京,,57,711,06:14,e-bike,Cannondale,Topstone Neo Carbon 4
2021-12-18,🏔,登山,房総半島の鋸山周辺の林道を散策,https://yamap.com/activities/14827144,https://drive.google.com/file/d/1gH29w4U1y6SgcJ559KfdFrgrbyQOVZqQ/view?usp=drivesdk,鋸山[329m],千葉,,59,"2,592",07:55,－,－,－
2021-12-19,🏔,登山,東京の山2つ登山,https://yamap.com/activities/14850549,https://drive.google.com/file/d/1J93GsGoS5vaaea2Y62FHjGLI9DrFawQe/view?usp=drivesdk,佐伯山[25.134m]、大倉山[15.154m]、戸越銀座、新宿,東京,,67,211,06:41,－,－,－
2021-12-30,🏔,登山,霜降岳・男山・観音岳,https://yamap.com/activities/14970016,https://drive.google.com/file/d/1q94V6l5SGrkZmR_Q7iXz2W8FdnrDfbSJ/view?usp=drivesdk,霜降岳[250m]、男山[232m]、観音岳[161m],山口,,10,589,03:10,－,－,－
2022-01-02,🚲,サイクリング,2022年初サイクリング,https://yamap.com/activities/15019774,https://drive.google.com/file/d/1cDIr5HNHdU3QKfvq_XzShdGok4AC1o2p/view?usp=drivesdk,府中,東京,,28,134,02:15,ロード,Cannondale,CAAD12
2022-01-02,🚲,サイクリング,多摩川,https://yamap.com/activities/15029594,https://drive.google.com/file/d/1S3iQY_raYjKhxKEHIkYkdvMFCYsXG6Fl/view?usp=drivesdk,阿蘇神社,東京,,43,197,03:52,e-bike,Cannondale,Topstone Neo Carbon 4
2022-01-03,🚶,ウォーキング,多摩丘陵の多摩動物公園,https://yamap.com/activities/15058264,https://drive.google.com/file/d/1BZX2RHPU-PLesJaZVEfxwwGM91woUyVd/view?usp=drivesdk,多摩動物公園,東京,,6,227,04:58,－,－,－
2022-01-04,🏔🚲,登山,日和田山,https://yamap.com/activities/15082423,https://drive.google.com/file/d/1RRn3CXxkn4NDQYLc5NUUbfmnf8mv6vpu/view?usp=drivesdk,日和田山[305m],埼玉、東京,,78,708,09:00,e-bike,Cannondale,Topstone Neo Carbon 4
2022-01-09,🏔,登山,再び多摩丘陵の多摩動物公園へ,https://yamap.com/activities/15152424,https://drive.google.com/file/d/10vOTOioaQNqAGE7_GFQHhMk9xsuDJCJN/view?usp=drivesdk,多摩動物公園,東京,,6,218,04:30,－,－,－
2022-01-10,🚲,サイクリング,霞ヶ浦,https://yamap.com/activities/15195627,https://drive.google.com/file/d/1e5g55S6q6-NeAcvCpaXbnmNI3ytfTBYE/view?usp=drivesdk,霞ヶ浦,茨城,,159,818,09:13,ロード,Cannondale,CAAD12
2022-01-15,🚲,サイクリング,城ヶ島,https://yamap.com/activities/15228341,https://drive.google.com/file/d/1g3fTacxMj_jjNdQp10JQEy1d6LlvEs5D/view?usp=drivesdk,城ヶ島,東京、神奈川,,191,"1,118",12:23,ロード,Cannondale,CAAD12
2022-01-22,🏔🚲,登山,なちゃぎり林道から高水山・岩茸石山へ,https://yamap.com/activities/15344660,https://drive.google.com/file/d/1Kzgr3xKLG5D4KXVnw-tymjUvlGI-O1rl/view?usp=drivesdk,なちゃぎり林道、高水山[759m]、岩茸石山[793m],東京,,87,"1,862",08:43,e-bike,Cannondale,Topstone Neo Carbon 4
2022-01-29,🏔,登山,扇山と百蔵山,https://yamap.com/activities/15428806,https://drive.google.com/file/d/1YM_rfX2XacLsfSSUV4YZCaHIXKf7vUSu/view?usp=drivesdk,扇山[1138m]、百蔵山[1003m],山梨,,17,"1,326",06:23,－,－,－
2022-01-30,🚲,サイクリング,都内,https://yamap.com/activities/15472792,https://drive.google.com/file/d/1ZR7XbpCHqQzvlkZ_JTbq17Z1LZ2sftW7/view?usp=drivesdk,新宿、日本橋、東京駅,東京,,71,217,07:22,クロス,DE ROSA,TEAM
2022-02-05,🏔,登山,御前山・大岳山,https://yamap.com/activities/15535370,https://drive.google.com/file/d/1ZAj-sj7MJy4duZT9Ui801hWstxsRnO8M/view?usp=drivesdk,御前山[1405m]、大岳山[1266m],東京,,16,"1,704",07:07,－,－,－
2022-02-06,🏔,登山,要害山・風の神・コヤシロ山・実成山・尾続山,https://yamap.com/activities/15558021,https://drive.google.com/file/d/1hx7scvcA_6rE8TKWFerUdHuUinHbjX1B/view?usp=drivesdk,要害山[536m]、風の神、コヤシロ山[592m]、実成山[609m]・尾続山[538m],山梨,,7,595,02:43,－,－,－
2022-02-11,🏔,登山,陣馬山・景信山・城山(小仏城山)・高尾山,https://yamap.com/activities/15632125,https://drive.google.com/file/d/1bSV8-Jr_HWpaqycmQmrLXO3g64w0eUTk/view?usp=drivesdk,陣馬山[857m]、景信山[727m]、高尾山[599m],東京、神奈川,,16,"1,101",07:05,－,－,－
2022-02-12,🚲,サイクリング,e-bikeで一泊二日イズイチ（一日目）,https://yamap.com/activities/15677402,https://drive.google.com/file/d/13mqaZbrL_Tk-umi08IO_YMGDqehf2UQ-/view?usp=drivesdk,道の駅「伊豆のへそ」、、白浜神社、下田、竜宮窟、青野川、JU-ZA,静岡,伊豆イチ,121,"1,929",09:57,e-bike,Cannondale,Topstone Neo Carbon 4
2022-02-13,🚲,サイクリング,e-bikeで一泊二日イズイチ（二日目）,https://yamap.com/activities/15694718,https://drive.google.com/file/d/1ju4AHcCk5JauIgAdLMcJB5eeZHAUccaV/view?usp=drivesdk,JU-ZA、土肥、道の駅「伊豆のへそ」,静岡,伊豆イチ,91,"1,570",04:59,e-bike,Cannondale,Topstone Neo Carbon 4
2022-02-20,🏔,登山,高畑山・倉岳山,https://yamap.com/activities/15764205,https://drive.google.com/file/d/1vHi7F8XhEgKsBLMx8vXtjSZZgESBB1xf/view?usp=drivesdk,高畑山[982m]、倉岳山[990m],山梨,,12,"1,060",05:10,－,－,－
2022-02-23,🚲,サイクリング,再びイズイチ,https://yamap.com/activities/15824385,https://drive.google.com/file/d/1Mbyacu1MegkO4EPv5-zlt5RZmKBQ8SNt/view?usp=drivesdk,道の駅「伊豆のへそ」、河津町、南伊豆、松崎町,静岡,伊豆イチ,190,"2,926",12:49,ロード,Cannondale,CAAD12
2022-02-26,🏔,登山,百蔵山,https://yamap.com/activities/15866769,https://drive.google.com/file/d/1iWaHaZ5S8FFFPbsAX6oskFaOqZh9mC2Z/view?usp=drivesdk,百蔵山[1003m],山梨,,10,660,05:48,－,－,－
2022-02-27,🏔,登山,権現山・曽倉山・扇山,https://yamap.com/activities/15902120,https://drive.google.com/file/d/1MF0X7_Hk4SBdR8N_LzCzGlQa53eHMs0W/view?usp=drivesdk,権現山[1312m]、曽倉山[940m]、扇山[1138m],山梨,,14,"1,113",05:53,－,－,－
2022-03-05,🚲,グラベル,河津町の河津桜とついでに林道サイクリング,https://yamap.com/activities/15981511,https://drive.google.com/file/d/1awyg1JB2X1Wy-l1dT93Jspdgys7ePzH8/view?usp=drivesdk,河津町,静岡,🌸,44,"1,414",07:22,e-bike,Cannondale,Topstone Neo Carbon 4
2022-03-06,🚲,サイクリング,南伊豆町の河津桜,https://yamap.com/activities/15995940,https://drive.google.com/file/d/1FJGSUmKX3GHFWIcPBEtibva_Oah0X4Br/view?usp=drivesdk,青野川,静岡,🌸,8,22,01:33,ロード,Cannondale,SYNAPSE Hi-Mod
2022-03-12,🏔,登山,雲取山,https://yamap.com/activities/16091245,https://drive.google.com/file/d/143-DZehnYbjSfz20OXgxK4l-x2cGszHk/view?usp=drivesdk,雲取山[2017m],東京,雲取山,22,"1,670",07:25,－,－,－
2022-03-13,🚲,サイクリング,越生梅林と弓立山などサイクリング,https://yamap.com/activities/16138585,https://drive.google.com/file/d/14sV5f3IalFQz_56NFkK94IywruNkEFVG/view?usp=drivesdk,越生梅林、弓立山[423m],埼玉,💮,38,"1,009",06:48,e-bike,Cannondale,Topstone Neo Carbon 4
2022-03-19,🚲,サイクリング,足柄峠・長尾峠・「はこね金太郎ライン」サイクリング,https://yamap.com/activities/16199017,https://drive.google.com/file/d/18VYyfDs22UGhndmje2lRGTzJwY_GECBF/view?usp=drivesdk,足柄峠[759m]、長尾峠[911m],神奈川、静岡,,61,"1,537",05:31,ロード,Cannondale,SYNAPSE Hi-Mod
2022-03-20,🏔,登山,要害山トレッキングコース,https://yamap.com/activities/16223668,https://drive.google.com/file/d/1OzLY11jcHu3ERZzWinRl_SM2_kIR2sud/view?usp=drivesdk,要害山[536m]、風の神、コヤシロ山[592m]、実成山[609m]・尾続山[538m],山梨,,8,666,04:24,－,－,－
2022-03-21,🚲,サイクリング,早春の埼玉サイクリング,https://yamap.com/activities/16273178,https://drive.google.com/file/d/1vQUl8-OhaFegquywrrYtsrVE30v3TkEn/view?usp=drivesdk,北浅羽桜堤公園,埼玉、東京,🌸,91,463,08:20,ロード,Cannondale,SYNAPSE Hi-Mod
2022-03-26,🚲,サイクリング,都内,https://yamap.com/activities/16317153,https://drive.google.com/file/d/1T_MCRio2Pp0jRhXLndkgI15SpfZ1mLEX/view?usp=drivesdk,浅草、アメ横、上野公園,東京,🌸,9,16,02:18,小径車,r&m,BD-1
2022-03-27,🚲,サイクリング,都内,https://yamap.com/activities/16337411,https://drive.google.com/file/d/1jziHjs-l42SdQzqG6IEp_nG29WuhPyCU/view?usp=drivesdk,目黒川、神田川、小石川後楽園、靖国神社、皇居、吞川緑道、豪徳寺、野川,東京,🌸,90,316,10:56,クロス,DE ROSA,TEAM
2022-04-02,🏔,登山,都幾川桜堤、虎山の千本桜、花桃の里、大霧山、堂平山,https://yamap.com/activities/16443639,https://drive.google.com/file/d/18wdrPV8pBDOHoS5GpTJiThA-IIKDlv-G/view?usp=drivesdk,都幾川桜堤、虎山の千本桜、花桃の里、大霧山[767m]、堂平山[876m],埼玉,🌸,70,"2,343",09:37,－,－,－
2022-04-03,🚶,ウォーキング,秩父・清雲寺の桜,https://yamap.com/activities/16453024,https://drive.google.com/file/d/1EdbFlyq4oFiJupYWGQNYy07RXZSfZlTN/view?usp=drivesdk,清雲寺,埼玉,🌸,6,95,02:39,－,－,－
2022-04-09,🚲,サイクリング,羽村のチューリップ畑,https://yamap.com/activities/16570543,https://drive.google.com/file/d/1Xd6iqn6W-dG-O-9ScT7cRfNcgrJ9rG4U/view?usp=drivesdk,羽村の根搦み前水田,東京,🌸🌷,58,430,05:41,ロード,Cannondale,SYNAPSE Hi-Mod
2022-04-10,🚲,サイクリング,蓑山（美の山公園）サイクリング,https://yamap.com/activities/16616932,https://drive.google.com/file/d/1Y37GrN-oVy3onySNvxKl8MIEErQHyYQt/view?usp=drivesdk,蓑山[581m]、定峰峠[613m]、白石峠[761m]、奥武蔵グリーンライン,埼玉、東京,🌸,167,"2,735",13:42,ロード,Cannondale,CAAD12
2022-04-16,🏔🚲,登山,日向山,https://yamap.com/activities/16671097,https://drive.google.com/file/d/127NCenPSBpnt0hSc9WqnBort5DvnI0vh/view?usp=drivesdk,日向山[1660m],山梨,,5,607,02:59,e-bike,Cannondale,Topstone Neo Carbon 4
2022-04-17,🏔,登山,秩父・羊山公園の芝桜,https://yamap.com/activities/16697331,https://drive.google.com/file/d/15iyXLS2G_OYAOgm5Cv-dzv2sHwE9-EJy/view?usp=drivesdk,羊山公園,埼玉,,1,17,01:09,－,－,－
2022-04-23,🚲,サイクリング,e-bikeで草津から渋峠へ,https://yamap.com/activities/16833432,https://drive.google.com/file/d/1xOo_y3GmPA8UAgJQaStc0NNWUoZENnDs/view?usp=drivesdk,渋峠[2172m],群馬,,57,"1,693",06:34,e-bike,Cannondale,Topstone Neo Carbon 4
2022-04-24,🚶,ウォーキング,吾妻峡と八ッ場ダム,https://yamap.com/activities/16845214,https://drive.google.com/file/d/1hFxEq4YsQGYRVNSCMDm_lNFBpNtcvyr_/view?usp=drivesdk,吾妻峡、八ッ場ダム,群馬,,4,303,02:09,－,－,－
2022-04-30,🚲,サイクリング,城下町萩をサイクリング,https://yamap.com/activities/16944751,https://drive.google.com/file/d/1SalVkPrb-LIfgz8-MoB8-E8Gm3jZedzZ/view?usp=drivesdk,萩城下町、松陰神社、東光寺,山口,,18,89,04:05,ロード,Cannondale,SYNAPSE Hi-Mod
2022-05-01,🏔,登山,西目山と右田ヶ岳,https://yamap.com/activities/16964542,https://drive.google.com/file/d/13whOz37qpvx1kfDJtxeHClm83WhqU_dc/view?usp=drivesdk,西目山[312m]、右田ヶ岳[426m],山口,,8,701,03:51,－,－,－
2022-05-02,🚲,サイクリング,仙崎から角島へサイクリング,https://yamap.com/activities/17033333,https://drive.google.com/file/d/1POruXWYrWCl7IyCVUgIxnVxB17dN_qKE/view?usp=drivesdk,角島、元乃隅神社、道の駅「センザキッチン」,山口,,102,"1,237",07:33,ロード,Cannondale,SYNAPSE Hi-Mod
2022-05-03,🚲,サイクリング,関門海峡,https://yamap.com/activities/17021511,https://drive.google.com/file/d/105eUBkM6UzrLYvfjq5fI-tGi25J6W0YO/view?usp=drivesdk,巌流島、関門トンネル人道、門司港,山口,島,23,177,04:37,ロード,Cannondale,SYNAPSE Hi-Mod
2022-05-04,🏔,登山,竜王山,https://yamap.com/activities/17072904,https://drive.google.com/file/d/1Z-kERQ7lUVlCBF40s6qdPtBGomlIURoo/view?usp=drivesdk,竜王山[139m],山口,,0,9,00:11,－,－,－
2022-05-05,🏔,登山,十種ヶ峰,https://yamap.com/activities/17114677,https://drive.google.com/file/d/1bevi7maJc4wfaWrIl_rhuF2NlJ2z8z9V/view?usp=drivesdk,十種ヶ峰[989m],山口,,2,203,00:58,－,－,－
2022-05-06,🏔,登山,花尾山,https://yamap.com/activities/17157407,https://drive.google.com/file/d/1tMjHtSdJhAqF71HIrbFSJL-pTG9uU9jO/view?usp=drivesdk,花尾山[669m],山口,,8,626,02:05,－,－,－
2022-05-08,🚲,グラベル,狭山湖,https://yamap.com/activities/17241475,https://drive.google.com/file/d/1OaFzYvrk-tyT3vb_0Bg2gMqZlNokm5ii/view?usp=drivesdk,多摩湖、狭山湖,埼玉、東京,,22,260,02:18,e-bike,Cannondale,Topstone Neo Carbon 4
2022-05-21,🏔,登山,日米友好祭横田基地フレンドシップフェスティバル2022,https://yamap.com/activities/17451642,https://drive.google.com/file/d/1NljNrC93Fkxkj_XNbxAKeVMJQY5CopIg/view?usp=drivesdk,横田基地,東京,,6,16,02:12,－,－,－
2022-05-22,🏔🚲,登山,e-bikeで琴川ダムから金峰山へ,https://yamap.com/activities/17494652,https://drive.google.com/file/d/1Dxgip809alxBywxLeZKpnvjVLCtRSMca/view?usp=drivesdk,大弛峠[2360m]、金峰山[2599m],山梨,,31,"1,515",08:49,e-bike,Cannondale,Topstone Neo Carbon 4
2022-05-28,🏔🚲,登山,一部e-bikeを使って天狗岳と硫黄岳を周回,https://yamap.com/activities/17601677,https://drive.google.com/file/d/1r8EbpgCHYlaayTtAGQOk47_E2Ih9P3gh/view?usp=drivesdk,天狗岳[2646m]、硫黄岳[2760m],東京,,20,"1,691",10:14,e-bike,Cannondale,Topstone Neo Carbon 4
2022-06-04,🏔,登山,アコウ平から金峰山へ登って周回,https://yamap.com/activities/17761423,https://drive.google.com/file/d/1Pko9bZteMsdzhQ_QIFk3Pbg1gmyl6YEG/view?usp=drivesdk,アコウ平、大弛峠[2360m]、金峰山[2599m]、クリスタルライン,山梨、長野,,51,"3,489",11:29,－,－,－
2022-06-10,🏔,登山,蝶ヶ岳,https://yamap.com/activities/17844211,https://drive.google.com/file/d/1azPrvPd5vm9NAoFlI4oHREqkiZ20qb7v/view?usp=drivesdk,蝶ヶ岳[2677m],長野,北アルプス,12,"1,474",08:35,－,－,－
2022-06-16,🚲,サイクリング,鎌倉、江の島,https://yamap.com/activities/17958557,https://drive.google.com/file/d/1w8TS8fYO-A9yVHBBclw_xHJDZiH7EVbm/view?usp=drivesdk,鎌倉、江の島,神奈川,,43,601,08:33,クロス,DE ROSA,TEAM
2022-06-18,🚲,グラベル,大弛峠越え,https://yamap.com/activities/17980648,https://drive.google.com/file/d/1haCTAY8uWQlzr6554bJzJofatspHrXuo/view?usp=drivesdk,乙女湖、大弛峠[2360m]、金峰山[2599m],山梨,大弛峠,85,"3,152",09:17,e-bike,Cannondale,Topstone Neo Carbon 4
2022-06-25,🏔,登山,平標山と仙ノ倉山,https://yamap.com/activities/18115279,https://drive.google.com/file/d/1qUachwOjLoVAlkhY4uq59qmz8B9P3_fU/view?usp=drivesdk,平標山[1984m]、仙ノ倉山[2026m],新潟,,15,"1,352",07:42,－,－,－
2022-07-01,🏔,登山,中房温泉から燕岳・北燕岳,https://yamap.com/activities/18220320,https://drive.google.com/file/d/1-cnODFm0Fpkh0q0vheeJs6blQh-dSTXz/view?usp=drivesdk,燕岳[2763m]、北燕岳[2749m]、燕山荘,長野,北アルプス,7,"1,487",08:35,－,－,－
2022-07-02,🏔,登山,燕山荘から常念小屋へ,https://yamap.com/activities/18242925,https://drive.google.com/file/d/1vv9s2aSTGDXHg7jubOyYla5nVsWCbAQz/view?usp=drivesdk,燕山荘、大天井岳[2922m]、常念小屋,長野,北アルプス,11,720,07:45,－,－,－
2022-07-03,🏔,登山,常念岳・前常念岳,https://yamap.com/activities/18274904,https://drive.google.com/file/d/17-tPzZZKLQBaGDqdpmCMLDz-NhZbAaoj/view?usp=drivesdk,常念小屋、常念岳[2857m]、前常念岳[2662m]、三俣,長野,北アルプス,20,421,05:32,－,－,－
2022-07-09,🚲,サイクリング,北軽井沢へサイクリング,https://yamap.com/activities/18345261,https://drive.google.com/file/d/1FvyxNi-z2fcUhnJ57iMIEAFZY_-M4qTa/view?usp=drivesdk,道の駅「くらぶち小栗の里」、度上峠[1380m]、万騎峠[1281m]、須加尾宿,群馬,,72,"2,466",05:41,ロード,Cannondale,CAAD12
2022-07-17,🚲,サイクリング,都内,https://yamap.com/activities/18522452,https://drive.google.com/file/d/1kQ_rmDHD23jKpaHRPQVtk0nJn6nkOthU/view?usp=drivesdk,築地場外市場、豊洲ぐるり公園、お台場、レインボーブリッジ、アメ横、新宿,東京,,86,328,09:16,クロス,DE ROSA,TEAM
2022-07-18,🚲,サイクリング,奥多摩湖,https://yamap.com/activities/18495712,https://drive.google.com/file/d/1T09Cwt0kItnubSoHhm3muZ1ZEXHDkING/view?usp=drivesdk,奥多摩湖,東京,,104,625,05:44,ロード,Cannondale,SYNAPSE Hi-Mod
2022-07-23,🏔🚲,登山,赤石岳・荒川三山周回,https://yamap.com/activities/18618929,https://drive.google.com/file/d/1x--kHseQaRZ-vfTYppKAp9A_KeJ5wkMV/view?usp=drivesdk,沼平駐車場、椹島、赤石岳[3121m]、荒川小屋、荒川岳[3141m]、悪沢岳[3141m]、千枚岳[2880m]、椹島、沼平駐車場,静岡,南アルプス,55,"3,725",20:20,e-bike,Cannondale,Topstone Neo Carbon 4
2022-07-31,🚲,サイクリング,ぶどう峠、十石峠,https://yamap.com/activities/18751626,https://drive.google.com/file/d/1Hc2dAB9F5DQ-ueor5bRI0QeJBsqWDiD7/view?usp=drivesdk,ぶどう峠[1510m]、十石峠[1351m],群馬、長野,,78,"1,549",05:40,ロード,Cannondale,SYNAPSE Hi-Mod
2022-08-06,🚲,サイクリング,乗鞍,https://yamap.com/activities/18833715,https://drive.google.com/file/d/1MqEDbqyj3ZcrhugmyTclJ8zAA0rN4Q9o/view?usp=drivesdk,乗鞍エコーライン、畳平[2702m],長野,乗鞍,35,"1,472",4:27,ロード,Cannondale,SYNAPSE Hi-Mod
2022-08-07,🏔🚲,登山,乗鞍岳（剣ヶ峰）,https://yamap.com/activities/18862550,https://drive.google.com/file/d/1IRYIiG_FhDBe3pnRlOeA8KwVrwftj4_8/view?usp=drivesdk,乗鞍エコーライン、畳平[2702m]、剣ヶ峰[3026m],長野,北アルプス,36,"1,903",05:15,e-bike,Cannondale,Topstone Neo Carbon 4
2022-08-14,🚲,サイクリング,内山峠＆田口峠サイクリング,https://yamap.com/activities/19020509,https://drive.google.com/file/d/12RNZtUVX5OeX9JE_izbxanDIOT008SYN/view?usp=drivesdk,内山峠[1071m]、田口峠[1120m],群馬、長野,,101,"1,591",07:18,ロード,Cannondale,SYNAPSE Hi-Mod
2022-08-20,🚲,サイクリング,日光サイクリング,https://yamap.com/activities/19124670,https://drive.google.com/file/d/1m2SEWVQzBckQr3XYezQJdm34ELSPotij/view?usp=drivesdk,竜頭の滝、戦場ヶ原、山王峠[1739m]、霧降高原,栃木,,99,"2,187",07:23,ロード,Cannondale,SYNAPSE Hi-Mod
2022-08-26,🏔,登山,裏銀座縦走1日目（高瀬ダム→烏帽子小屋）,https://yamap.com/activities/19230068,https://drive.google.com/file/d/1P78-_1DJRchNAwVSm4ofnwXQWrhaIt5X/view?usp=drivesdk,高瀬ダム、烏帽子小屋,長野,北アルプス,4,"1,346",04:39,－,－,－
2022-08-26,🏔,登山,裏銀座縦走1日目（烏帽子小屋～烏帽子岳）,https://yamap.com/activities/19230075,https://drive.google.com/file/d/10Ia2PS_H8y30Gj1bQ-3mSjZQr-htsBTR/view?usp=drivesdk,烏帽子小屋、烏帽子岳[2628m],長野,北アルプス,2,242,02:14,－,－,－
2022-08-27,🏔,登山,裏銀座縦走2日目（烏帽子小屋→水晶小屋）,https://yamap.com/activities/19239994,https://drive.google.com/file/d/1euWHn5MqKmKvc4ITStElTAcEyAt8NF3Y/view?usp=drivesdk,烏帽子小屋、野口五郎岳[2924m]、水晶小屋,長野,北アルプス,9,807,05:20,－,－,－
2022-08-28,🏔,登山,裏銀座縦走3日目（水晶小屋→双六小屋）,https://yamap.com/activities/19284640,https://drive.google.com/file/d/1SjwoEgGojyN6F182J-ieZlDd5Hl2V6JS/view?usp=drivesdk,水晶小屋、水晶岳[2986m]、鷲羽岳[2924m]、三俣蓮華岳[2841m]、双六岳[2860m]、双六小屋,長野,北アルプス,11,904,08:59,－,－,－
2022-08-29,🏔,登山,裏銀座縦走4日目（双六小屋→新穂高）,https://yamap.com/activities/19301216,https://drive.google.com/file/d/16gZOrpjanJGH3tCo161RZSkRclVnfZmP/view?usp=drivesdk,双六小屋、新穂高,岐阜,北アルプス,13,198,05:37,－,－,－
2022-09-04,🏔,登山,金峰山,https://yamap.com/activities/19382856,https://drive.google.com/file/d/15UvM8V_wVvAFpdoxUmPGNpTfhtpxnfH5/view?usp=drivesdk,大弛峠[2360m]、金峰山[2599m],山梨,,33,"1,797",06:33,－,－,－
2022-09-10,🚲,サイクリング,田子倉湖サイクリング,https://yamap.com/activities/19542952,https://drive.google.com/file/d/1TBCbV4c6xBMnS5QOX-rZuMOQmQg-a0cG/view?usp=drivesdk,田子倉湖,福島、新潟,,101,"1,042",06:41,ロード,Cannondale,SYNAPSE Hi-Mod
2022-09-17,🏔,登山,会津駒ヶ岳・中門岳,https://yamap.com/activities/19644875,https://drive.google.com/file/d/1GohR4KVCoXuFqN5_kCxqbjAV4m4cxUFj/view?usp=drivesdk,会津駒ヶ岳[2133m]、中門岳[2060m],福島,,17,"1,472",07:33,－,－,－
2022-09-24,🚲,サイクリング,開田高原,https://yamap.com/activities/19760119,https://drive.google.com/file/d/1oWrM6ZgtwrH8mIcDDOE4Zot3Wf7PSYbw/view?usp=drivesdk,地蔵峠[1335m]、開田高原、濁河峠[1770m]、柳蘭峠[1697m],長野,,103,"2,006",08:05,ロード,Cannondale,SYNAPSE Hi-Mod
2022-09-25,🏔,登山,小秀山,https://yamap.com/activities/19808433,https://drive.google.com/file/d/1gHE9nt3xgfmRm2C9pdODy_UMx2WgkyWJ/view?usp=drivesdk,小秀山[1982m],長野,,29,"1,909",05:50,－,－,－
2022-10-01,🏔,登山,北岳,https://yamap.com/activities/19924368,https://drive.google.com/file/d/1jkZqOH0DkKkXa0EmqVOg7qiNNf97gGr5/view?usp=drivesdk,北岳[3193m],山梨,,11,"1,747",08:50,－,－,－
2022-10-08,🏔,登山,安達太良山,https://yamap.com/activities/20087040,https://drive.google.com/file/d/1erEfz4VQaFnRPWs0aiD_2qA3frfhRnJ2/view?usp=drivesdk,安達太良山[1700m],福島,,11,454,06:48,－,－,－
2022-10-15,🏔,登山,小仙丈ヶ岳・仙丈ヶ岳,https://yamap.com/activities/20245646,https://drive.google.com/file/d/1vLXvKGRKBd0y412TsZft1q59GkHlk8C7/view?usp=drivesdk,小仙丈ヶ岳[2860m]、仙丈ヶ岳[3033m],長野,南アルプス,9,"1,181",05:55,－,－,－
2022-10-16,🚲,サイクリング,蓼科周辺サイクリング,https://yamap.com/activities/20317913,https://drive.google.com/file/d/1QkMrDLUZF16yg6Syvchf63imBL_gB3H-/view?usp=drivesdk,蓼科湖、横谷渓谷、御射鹿池、すずらん峠[1839m],長野,,61,"1,395",06:37,e-bike,Cannondale,Topstone Neo Carbon 4
2022-10-21,🏔,登山,上高地散策,https://yamap.com/activities/20378137,https://drive.google.com/file/d/1L4HY4_uqUvlpVLjTHjmmYg9wJ53N4zYO/view?usp=drivesdk,上高地、明神池,長野,,25,407,11:12,－,－,－
2022-10-29,🏔,登山,戦場ヶ原散策,https://yamap.com/activities/20559072,https://drive.google.com/file/d/1z0f5IFgC5Nr90Bc_6EEjSGPsgOJQbj8q/view?usp=drivesdk,戦場ヶ原,栃木,,14,266,05:28,－,－,－
2022-10-30,🏔,登山,湯西川散策,https://yamap.com/activities/20622031,https://drive.google.com/file/d/1Ce1UO1eJDBczgen899XVuFos3SFLYVQL/view?usp=drivesdk,川俣湖、平家の里,栃木,,14,419,03:13,－,－,－
2022-11-03,🚲,サイクリング,みずがき湖周辺,https://yamap.com/activities/20721128,https://drive.google.com/file/d/1vkUtbgwfoOchejHJWmC12TeIPYGpCex1/view?usp=drivesdk,みずがき山自然公園、野辺山、信州峠[1470m],山梨,🍁,80,"2,002",09:47,e-bike,Cannondale,Topstone Neo Carbon 4
2022-11-05,🚶,ウォーキング,昇仙峡,https://yamap.com/activities/20756364,https://drive.google.com/file/d/1E7PxYu2Ksrm9zaLw31g789quuVB9dfzJ/view?usp=drivesdk,昇仙峡,山梨,🍁,11,887,05:47,－,－,－
2022-11-06,🚲,サイクリング,河口湖,https://yamap.com/activities/20831743,https://drive.google.com/file/d/1GbfxHy5a0ckqhyo4TTWAR0nrHUAfR0Gc/view?usp=drivesdk,河口湖,山梨,🍁,20,54,03:57,ロード,Cannondale,CAAD12
2022-11-12,🚲,サイクリング,大子町,https://yamap.com/activities/20954911,https://drive.google.com/file/d/1p9_Rb238nXxB-81854Hu3Vy34yfg8xTF/view?usp=drivesdk,袋田の滝、永源寺、道の駅「だいご」、月待ちの滝、あゆのつり橋、八溝山[1021.8m],群馬,,88,"1,413",10:11,e-bike,Cannondale,Topstone Neo Carbon 4
2022-11-19,🚲,サイクリング,青梅,https://yamap.com/activities/21124989,https://drive.google.com/file/d/1h55zB-tkR7RUjx9xes_rnbYxMWb11Kg3/view?usp=drivesdk,日向和田臨川庭園、HIBACHIYA,東京,🍁,63,526,07:45,小径車,DAHON,Dash Altena
2022-11-22,🚲,サイクリング,平林寺,https://yamap.com/activities/21128562,https://drive.google.com/file/d/12G645BDVpaicJdPl5I01CYcsiYe07XoV/view?usp=drivesdk,平林寺,埼玉,🍁,35,101,07:31,クロス,DE ROSA,TEAM
2022-11-26,🚲,サイクリング,群馬県西部,https://yamap.com/activities/21186470,https://drive.google.com/file/d/1cf78JVvjnxvdgu4nKVNAR3fjyFU_dZ-6/view?usp=drivesdk,乙父の紅葉、黒滝山不動寺,埼玉、東京,🍁,142,"1,776",10:05,ロード,Cannondale,SYNAPSE Hi-Mod
2022-11-27,🚶,ウォーキング,都内,https://yamap.com/activities/21189213,https://drive.google.com/file/d/1R_D5QF_9bv9ArgsU25Z4xMgno3vrgFZD/view?usp=drivesdk,根津神社、六義園、小石川後楽園、殿ヶ谷戸庭園,東京,🍁,0,1,00:04,－,－,－
2022-12-03,🚲,サイクリング,房総半島サイクリング,https://yamap.com/activities/21191893,https://drive.google.com/file/d/1DCRBtOkh7VyCdgK5PAPF1zOBaeM0K1DL/view?usp=drivesdk,高滝湖、月崎駅、チバニアン、養老渓谷、亀山湖、濃溝の滝、三島湖、大山千枚田、もみじロード,千葉,🍁,129,"2,010",09:43,ロード,Cannondale,CAAD12
2022-12-04,🚲,サイクリング,本土寺,https://yamap.com/activities/21340407,https://drive.google.com/file/d/1CFYbco63B-clynSZH_FJPYuZ9uIjQiz6/view?usp=drivesdk,本土寺、東漸寺、水元公園、柴又帝釈天,千葉、東京,🍁,37,69,05:52,小径車,r&m,BD-1
2022-12-18,🚲,サイクリング,関宿,https://yamap.com/activities/21537384,https://drive.google.com/file/d/1VpldfTEAcqzCRagEvAi1Isoc2xCqpVfB/view?usp=drivesdk,関宿城、江戸川,埼玉、東京、千葉,,151,331,10:10,ロード,Cannondale,CAAD12
2022-12-29,🚶,ウォーキング,北鎌倉散策,https://yamap.com/activities/21656685,https://drive.google.com/file/d/18vR0ODdT5teZgnVJoUPRPtZfqLa5HxyF/view?usp=drivesdk,北鎌倉,神奈川,🍁,11,219,07:07,－,－,－
2023-01-14,🚲,サイクリング,つくばりんりんロード,https://yamap.com/activities/21982648,https://drive.google.com/file/d/1kdAv6auxqMptvlLjk__0rQuFX4GJZWMx/view?usp=drivesdk,つくばりんりんロード,茨城,,138,821,10:39,ロード,Cannondale,CAAD12
2023-01-22,🚲,サイクリング,若洲海浜公園,https://yamap.com/activities/22127533,https://drive.google.com/file/d/1YUd7UNZU418l0HyVUlI8US__53ZerVu8/view?usp=drivesdk,若洲海浜公園,東京,,99,804,09:51,ロード,Cannondale,SYNAPSE Hi-Mod
2023-01-28,🚲,サイクリング,銚子散策,https://yamap.com/activities/22221650,https://drive.google.com/file/d/1fju0srQ4mRl8maZpYaM7Znm2AWx9K_ZO/view?usp=drivesdk,犬吠埼灯台地球の丸く見える丘展望館、屏風ヶ浦の遊歩道、外川駅、銚子漁港,千葉,,57,652,08:53,小径車,DAHON,Dash Altena
2023-01-29,🚲,サイクリング,銚子から自宅,https://yamap.com/activities/22221655,https://drive.google.com/file/d/1Q-nNwGS9pFZ4SEYdYYEmuxxeLnQszS5B/view?usp=drivesdk,芝山古墳、はにわ博物館、佐倉の旧武居家住宅、佐倉ふるさと広場,東京、千葉,,154,843,11:12,小径車,DAHON,Dash Altena
2023-02-11,🏔,登山,高畑山・天神山・倉岳山,https://yamap.com/activities/22411301,https://drive.google.com/file/d/1KWqHYRkC39mAtuRzK-U-NwCMsPskYP4E/view?usp=drivesdk,高畑山[982m]、天神山[876m]、倉岳山[990m],山梨,,12,"1,082",07:20,－,－,－
2023-02-21,🏔🚲,登山,鍋倉山（宇部市）,https://yamap.com/activities/22579119,https://drive.google.com/file/d/1mRolKN2kHL_8mBZO0eE6F8IB_qR0-XD6/view?usp=drivesdk,鍋倉山[30m]、山口宇部空港,山口,,30,244,05:01,ﾏﾏﾁｬﾘ,レンタル,レンタル
2023-02-26,🚲,サイクリング,三浦半島,https://yamap.com/activities/22699943,https://drive.google.com/file/d/18eXO7NrXm5cC1J2ThTcAuqk2inPjQH1s/view?usp=drivesdk,三笠公園、城ケ島、境川,東京、神奈川,,197,"1,235",12:50,ロード,Cannondale,CAAD12
2023-03-11,🏔,登山,雲取山,https://yamap.com/activities/22908740,https://drive.google.com/file/d/1Yq-dbOtIwucvVn2vxCVoJjBqrhKl0v8M/view?usp=drivesdk,雲取山[2017m],東京,雲取山,22,"1,847",06:53,－,－,－
2023-03-12,🚲,サイクリング,越生梅林＆北浅羽桜堤公園サイクリング,https://yamap.com/activities/22968981,https://drive.google.com/file/d/1A2ZDaaaJzUv2pZol00OapU37EDR3l0On/view?usp=drivesdk,越生梅林、北浅羽桜堤公園,埼玉、東京,💮🌸,106,527,09:12,ロード,Cannondale,SYNAPSE Hi-Mod
2023-03-19,🚲,サイクリング,都内,https://yamap.com/activities/23060589,https://drive.google.com/file/d/15Xtr8sJk8EvQ3-Xs2CXkNtwrLW55ifuk/view?usp=drivesdk,上野公園、根津神社、皇居、千鳥ヶ淵緑道、小石川後楽園、神田川、東郷寺、大國魂神社,東京,🌸,31,171,06:29,小径車,r&m,BD-1
2023-03-21,🚲,サイクリング,都内,https://yamap.com/activities/23084056,https://drive.google.com/file/d/1zGP_4t8Xv1wP9QpjrW7S3X9b111YjM0Y/view?usp=drivesdk,井之頭公園、神田明神、浅草、隅田公園、旧古河庭園、護国寺、常泉院(新宿),東京,🌸,85,329,10:39,クロス,DE ROSA,TEAM
2023-03-22,🚶,ウォーキング,小田原から鵠沼海岸,https://yamap.com/activities/23145274,https://drive.google.com/file/d/1bKYxoflYYxM_vcIFLEYs8RKyejUodc54/view?usp=drivesdk,鵠沼海岸,神奈川,,38,241,08:23,－,－,－
2023-03-26,🚶,ウォーキング,長瀞ウォーキング,https://yamap.com/activities/23182862,https://drive.google.com/file/d/1wM4dFvXCAu_H7pIS8fHNkk9oOsNX1zJ4/view?usp=drivesdk,長瀞,埼玉,,6,86,02:28,－,－,－
2023-04-02,🚲,サイクリング,もてぎサーキット・ウォーキング＆サイクリング,https://yamap.com/activities/23324833,https://drive.google.com/file/d/1TRdqngvOv3xZ3B_YVYrkTQOv-avg-GOR/view?usp=drivesdk,もてぎサーキット,栃木,,2,40,01:29,小径車,r&m,BD-1
2023-04-05,🚲,サイクリング,多摩川の桜とチューリップ,https://yamap.com/activities/23389464,https://drive.google.com/file/d/1eBE5ia4eTuImB3K1EO4iyJ0xFuEQjw4U/view?usp=drivesdk,多摩川、根がらみ前水田,東京,🌸🌷,46,240,07:29,クロス,DE ROSA,TEAM
2023-04-08,🚲,サイクリング,高遠周辺の桜,https://yamap.com/activities/23426034,https://drive.google.com/file/d/1cGPfmHC9rCJOnwcjSvGpoOwKEPaCqErU/view?usp=drivesdk,六道堤、高遠城、中沢の花桃の里、おもしろかっぱ館、光前寺,長野,🌸,73,"1,119",09:28,e-bike,Cannondale,Topstone Neo Carbon 4
2023-04-09,🏔,登山,守屋山,https://yamap.com/activities/23444506,https://drive.google.com/file/d/1jHHgmca_m9Cq59wYT7aXnEntO5PBrXm-/view?usp=drivesdk,守屋山[1651m],長野,,7,604,03:24,－,－,－
2023-04-16,🚲,サイクリング,定峰峠＆奥武蔵GLサイクリング,https://yamap.com/activities/23592843,https://drive.google.com/file/d/1iz9PSeQy8d9W7n1i_vXtNfjpnhPBsmcQ/view?usp=drivesdk,定峰峠[613m]、奥武蔵グリーンライン,埼玉、東京,,146,"2,270",10:50,ロード,LOOK,KG585
2023-04-29,🏔🚲,登山,富士見台高原周回,https://yamap.com/activities/23844410,https://drive.google.com/file/d/1Wrd4fvJJGRRYl41jJS-NA3-lEu6sPZzt/view?usp=drivesdk,富士見台高原[1739m],長野,,15,"1,058",06:15,e-bike,Cannondale,Topstone Neo Carbon 4
2023-05-01,🚲,サイクリング,酷道425号線,https://yamap.com/activities/23911421,https://drive.google.com/file/d/1NZ50C-mLottPGPy-aDoV2vHCoRpyIBjb/view?usp=drivesdk,国道425号線、龍神温泉,三重、奈良、和歌山,,210,"2,614",14:48,ロード,Cannondale,SYNAPSE Hi-Mod
2023-05-03,🏔,登山,日本岳・小普賢岳・大普賢岳,https://yamap.com/activities/24009130,https://drive.google.com/file/d/1yv8IvC5C2jVDBzMBCQ0uf7UDfglUoK3g/view?usp=drivesdk,日本岳[1600m]、小普賢岳[1640m]、大普賢岳[1780m],奈良,,9,975,05:33,－,－,－
2023-05-04,🏔,登山,白草山・箱岩山,https://yamap.com/activities/24026615,https://drive.google.com/file/d/1ymiKx_sXHBnL0cdeRghR4KD8EYU0NChh/view?usp=drivesdk,白草山[1641m]、箱岩山[1661m],岐阜,,10,856,05:13,－,－,－
2023-05-05,🏔🚲,登山,入笠山登山と金沢林道,https://yamap.com/activities/24083318,https://drive.google.com/file/d/1et8m_a0rIfsCtUM752TU18hl0FaqwX2b/view?usp=drivesdk,入笠山登山、金沢林道,長野,,2,223,01:23,e-bike,Cannondale,Topstone Neo Carbon 4
2023-05-17,🏔,登山,本社ヶ丸・三ッ峠山,https://yamap.com/activities/24308814,https://drive.google.com/file/d/1dxcY9XvZwAUwrIVCDb0bVwqEzQEuaXXN/view?usp=drivesdk,本社ヶ丸、三ッ峠山[1785m],栃木,,17,"1,768",08:40,－,－,－
2023-05-21,🏔🚲,登山,大弛峠から金峰山へ,https://yamap.com/activities/24406370,https://drive.google.com/file/d/1_7EH-l52CAgHcFJjYIu6faS6dKuN3Wt1/view?usp=drivesdk,大弛峠[2360m]、金峰山[2599m],山梨,大弛峠,8,569,05:12,e-bike,Cannondale,Topstone Neo Carbon 4
2023-05-27,🏔,登山,硫黄岳・東天狗岳,https://yamap.com/activities/24552856,https://drive.google.com/file/d/1S2QUbsKTar8HV5FA1Vg13CmpMwpru94f/view?usp=drivesdk,桜平駐車場、硫黄岳[2760m]、東天狗岳[2640m]、唐沢鉱泉、桜平駐車場,長野,八ヶ岳,21,"1,629",09:40,－,－,－
2023-06-03,🏔,登山,蝶ヶ岳・蝶槍,https://yamap.com/activities/24663246,https://drive.google.com/file/d/1ETJ-Z2L8bZWkTFkeauB9v28Ma6yoGq1i/view?usp=drivesdk,三股、蝶ヶ岳[2677m]、蝶槍,長野,北アルプス,15,"1,651",11:11,－,－,－
2023-06-06,🚲,サイクリング,鎌倉サイクリング,https://yamap.com/activities/24750143,https://drive.google.com/file/d/1Gc5d77AtxUPaoJpXY4VRBuEyXrK-FABO/view?usp=drivesdk,鎌倉,神奈川,,23,331,06:50,クロス,DE ROSA,TEAM
2023-06-10,🚶,ウォーキング,本土寺の花菖蒲と紫陽花,https://yamap.com/activities/24792648,https://drive.google.com/file/d/1Tu428oeiPJYQ8V17JJAxPjB_tDZR1bUD/view?usp=drivesdk,本土寺,千葉,,2,15,02:03,－,－,－
2023-06-17,🏔,登山,仙丈ヶ岳,https://yamap.com/activities/24929619,https://drive.google.com/file/d/1fNtqGbaORD3BtFcZUFPEfdUOjKf4geSS/view?usp=drivesdk,北沢峠、仙丈ヶ岳[3033m],長野,南アルプス,9,"1,127",05:59,－,－,－
2023-06-18,🚲,サイクリング,白樺湖サイクリング,https://yamap.com/activities/24977594,https://drive.google.com/file/d/1e6YWRz4gV8rHCRoVYm1U8qNVCbNaNVkq/view?usp=drivesdk,麦草峠[2127m],長野,八ヶ岳,59,"1,565",05:19,ロード,Cannondale,CAAD12
2023-06-24,🚲,サイクリング,行田,https://yamap.com/activities/25106263,https://drive.google.com/file/d/1wbr_-lTWzuovlot5wzL3bfIZZ9ivnWRl/view?usp=drivesdk,古代蓮の里、騎西城、八幡山古墳、忍城,埼玉,,72,62,07:30,クロス,DE ROSA,TEAM
2023-07-02,🏔,登山,燕岳・北燕岳,https://yamap.com/activities/25225931,https://drive.google.com/file/d/1S8wCOBnrB8WHqvbBJcZWVDF5l8wIIOJy/view?usp=drivesdk,中房温泉、燕岳[2763m]、北燕岳[2749m],長野,北アルプス,7,"1,468",09:56,－,－,－
2023-07-03,🏔,登山,燕山荘から常念小屋まで,https://yamap.com/activities/25270785,https://drive.google.com/file/d/10eRTdDy_09m3i9WNorf05Jox0TnAfC7w/view?usp=drivesdk,燕山荘、大天井岳[2922m]、常念小屋,長野,北アルプス,11,663,06:52,－,－,－
2023-07-17,🏔🚲,登山,乗鞍岳（剣ヶ峰）、自転車でダウンヒル,https://yamap.com/activities/25538910,https://drive.google.com/file/d/1RVNnKiM3osyjCkUNVf8dUXW-Cz1OnEaq/view?usp=drivesdk,畳平[2702m]、剣ヶ峰[3026m]、乗鞍エコーライン,長野,北アルプス,23,499,06:53,小径車,r&m,BD-1
2023-07-20,🏔,登山,梅雨明け直前に折立から高瀬ダム （1日目：折立～薬師沢小屋）,https://yamap.com/activities/25591336,https://drive.google.com/file/d/1Ljah4xRnww55ti6Kx8stA8kgnbWBsbUW/view?usp=drivesdk,折立、太郎平、薬師沢小屋,富山,北アルプス,11,"1,123",06:01,－,－,－
2023-07-21,🏔,登山,梅雨明け直前に折立から高瀬ダム （2日目：薬師沢小屋～水晶小屋）,https://yamap.com/activities/25596583,https://drive.google.com/file/d/1ijlYZyrpteQGqB8two096QoukOQv0OCN/view?usp=drivesdk,薬師沢小屋、雲ノ平、祖父岳[2825m]、水晶小屋,富山,北アルプス,9,"1,244",07:55,－,－,－
2023-07-22,🏔,登山,梅雨明け直前に折立から高瀬ダム （3日目：水晶小屋～高瀬ダム）,https://yamap.com/activities/25630447,https://drive.google.com/file/d/1tID8Exf7tUtRppinSlVMqM6sdBVShLzn/view?usp=drivesdk,水晶小屋、水晶岳[2986m]、野口五郎岳[2924m]、高瀬ダム,富山、長野,北アルプス,15,629,09:40,－,－,－
2023-07-30,🚲,サイクリング,奥多摩湖,https://yamap.com/activities/25839161,https://drive.google.com/file/d/1NwEXa84o4JNti3KK3QXrkSXG0xOF0XR8/view?usp=drivesdk,奥多摩湖,東京,,91,621,05:17,ロード,Cannondale,SYNAPSE Hi-Mod
2023-08-05,🏔,登山,白砂山・八間山,https://yamap.com/activities/25926691,https://drive.google.com/file/d/1wz2VEQHsa76evgKkJ4SQqcKhs5F-05NP/view?usp=drivesdk,白砂山[2140m]、八間山[1935m],群馬、長野,,15,"1,305",08:00,－,－,－
2023-08-06,🚲,サイクリング,渋峠,https://yamap.com/activities/25974457,https://drive.google.com/file/d/1BGM_BfFkAMZwT2lzg45ZC3ToqT6bJQEH/view?usp=drivesdk,渋峠[2172m],群馬,,37,"1,024",02:58,ロード,Cannondale,SYNAPSE Hi-Mod
2023-08-11,🏔,登山,酷暑に種池山荘を２泊３日～１日目,https://yamap.com/activities/26100901,https://drive.google.com/file/d/1ev69lOZSxOQkEIQMRJbC2HvDTiQYISqq/view?usp=drivesdk,柏原新道登山口、種池山荘,長野,北アルプス,6,"1,266",03:07,－,－,－
2023-08-12,🏔,登山,酷暑に種池山荘を２泊３日～２日目,https://yamap.com/activities/26100913,https://drive.google.com/file/d/1wfFpl0hdrFfnql_1ETCIsYjP5JB0oUZp/view?usp=drivesdk,種池山荘、爺ヶ岳[2663m]、鹿島槍ヶ岳[2889m]、種池山荘,長野,北アルプス,12,"1,189",08:28,－,－,－
2023-08-13,🏔,登山,酷暑に種池山荘を２泊３日～３日目,https://yamap.com/activities/26100931,https://drive.google.com/file/d/1-m0dvKIOat-D7qGN3aK9tcwLihe_qBKt/view?usp=drivesdk,種池山荘、爺ヶ岳[2663m]、柏原新道登山口,長野,北アルプス,9,385,04:16,－,－,－
2023-09-23,🚲,サイクリング,田子倉湖・南会津,https://yamap.com/activities/27023588,https://drive.google.com/file/d/1grueyK_Narw_xPeN117tgPmB1Y34s70v/view?usp=drivesdk,田子倉湖,新潟、福島,,335,"2,664",19:32,ロード,Cannondale,CAAD12
2023-10-07,🏔,登山,栂池から白馬岳へ,https://yamap.com/activities/27294631,https://drive.google.com/file/d/1uTl_bGSX4VEfL52FwZG8emq8sJZXl094/view?usp=drivesdk,栂池、白馬大池[2379m]、小蓮華山[2766m]、白馬岳[2932m]、白馬山荘、栂池,長野,北アルプス,19,"1,577",11:22,－,－,－
2023-10-14,🏔🚲,登山,一切経山・吾妻小富士,https://yamap.com/activities/27434835,https://drive.google.com/file/d/1bSne5PQgH_C37lUuN2FhEL0CzT6E9eqM/view?usp=drivesdk,一切経山[1949m]、吾妻小富士[1707m],福島,,17,"1,103",07:15,e-bike,Cannondale,Topstone Neo Carbon 4
2023-10-21,🏔,ハイキング,戦場ヶ原ハイキング,https://yamap.com/activities/27598638,https://drive.google.com/file/d/1IbrKZshF1bEzffbRiZwXoqE5bIoF_I95/view?usp=drivesdk,戦場ヶ原,栃木,,14,272,05:13,－,－,－
2023-10-22,🚲,サイクリング,日光周回サイクリング,https://yamap.com/activities/27647724,https://drive.google.com/file/d/1z5MJl1fB1ModhwtymsCm5HZ4iJMTse5Y/view?usp=drivesdk,いろは坂、奥鬼怒林道、山王峠[1739m]、川俣湖、瀬戸合峡,栃木,🍁,116,"1,870",08:22,ロード,Cannondale,SYNAPSE Hi-Mod
2023-10-28,🚲,サイクリング,河口湖一周,https://yamap.com/activities/27749308,https://drive.google.com/file/d/1YX26OJLO4FL7-VrNVkaBxE2SCgBLbO9U/view?usp=drivesdk,河口湖,山梨,🍁,21,215,02:59,ロード,Cannondale,CAAD12
2023-10-29,🚲,サイクリング,みずがき湖・清里,https://yamap.com/activities/27823992,https://drive.google.com/file/d/1R6em-jdwAbzoF_doSi8ABOt92s-654-O/view?usp=drivesdk,みずがき湖,山梨,🍁,79,"2,011",08:15,e-bike,Cannondale,Topstone Neo Carbon 4
2023-11-03,🚲,サイクリング,もみじ湖・高遠,https://yamap.com/activities/27917010,https://drive.google.com/file/d/1W4s7AZ7YjQL384NOuadJp-ldmKpcaE5u/view?usp=drivesdk,もみじ湖,長野,🍁,60,"1,620",07:07,e-bike,Cannondale,Topstone Neo Carbon 4
2023-11-04,🚲,サイクリング,スワイチ,https://yamap.com/activities/27974725,https://drive.google.com/file/d/1AoW4rQcW7U3lpWeCeM98ardNT7Xw2LAb/view?usp=drivesdk,諏訪湖一周,長野,🍁,51,419,06:08,ロード,Cannondale,CAAD12
2023-11-07,🚲,サイクリング,昭和記念公園,https://yamap.com/activities/28059174,https://drive.google.com/file/d/1C8EIWfz-bmQkn8xLZGvgvsZt7fyi6z8k/view?usp=drivesdk,昭和記念公園,東京,,25,70,03:15,ロード,Cannondale,CAAD12
2023-12-17,🚲,サイクリング,百里基地航空祭2023,https://yamap.com/activities/28990074,https://drive.google.com/file/d/1nPO6bm1auO7sY9EJ6702ssCi2-SkwYNx/view?usp=drivesdk,百里基地,茨城,航空祭,27,112,06:58,ロード,Cannondale,CAAD12
2024-01-06,🏔,登山,石割山・平尾山・大平山,https://yamap.com/activities/29163576,https://drive.google.com/file/d/1ysAUFgXT4azryWBaBnaivIQ453HAJcFM/view?usp=drivesdk,石割山[1412m]、平尾山[1290m]、大平山[1296m],山梨,,38,815,05:54,－,－,－
2024-01-14,🏔,登山,紅葉台・三湖台・五湖台,https://yamap.com/activities/29319915,https://drive.google.com/file/d/1hYfBV8uMx0IzeJA1R9CRCtnljq16kfyE/view?usp=drivesdk,紅葉台、三湖台、五湖台,山梨,,9,546,03:07,－,－,－
2024-01-27,🚶🚲,ウォーキング,須崎遊歩道,https://yamap.com/activities/29477413,https://drive.google.com/file/d/16CMnG71eqd9lH3_ssfs04XKO1FL6MUpV/view?usp=drivesdk,須崎遊歩道,静岡,,9,331,02:41,ロード,Cannondale,CAAD12
2024-01-28,🚶,ウォーキング,安城岬,https://yamap.com/activities/29510810,https://drive.google.com/file/d/1_xr4IHSm9lG9w9TolfY6XlktlIr5WyqT/view?usp=drivesdk,安城岬,静岡,,2,182,01:10,－,－,－
2024-01-28,🚶🚲,ウォーキング,西伊豆歩道（燈明ヶ崎コース）,https://yamap.com/activities/29518889,https://drive.google.com/file/d/1hMMGa1jNI3k8s1X3fZmm6iGTIGjvXx5b/view?usp=drivesdk,西伊豆歩道,静岡,,6,282,01:38,ロード,Cannondale,CAAD12
2024-02-03,🏔🚲,登山,黒岳・越前岳,https://yamap.com/activities/29611655,https://drive.google.com/file/d/1ty9Xqh5NP5f0FkiDAMA0LxqrcYMZ0xtd/view?usp=drivesdk,黒岳[1086m]、越前岳[1504m],静岡,,13,989,05:28,ロード,Cannondale,CAAD12
2024-02-10,🚲,サイクリング,一泊二日でイズイチ🚴～,https://yamap.com/activities/29717755,https://drive.google.com/file/d/1xpku2ZZAOqwUrVCXdQ8UopHG_YMcuAv7/view?usp=drivesdk,道の駅「伊豆のへそ」、河津町、南伊豆、土肥、JU-ZA,静岡,伊豆イチ,219,"3,319",17:49,ロード,Cannondale,SYNAPSE Hi-Mod
2024-02-12,🏔,登山,高水山・岩茸石山・惣岳山,https://yamap.com/activities/29799681,https://drive.google.com/file/d/1gSUiT2UO6i3C0RHNjKoy4EOQcYrxofWZ/view?usp=drivesdk,高水山[759m]、岩茸石山[793m]、惣岳山[756m],東京,,10,892,03:59,－,－,－
2024-02-24,🏔,登山,越生梅林・大高取山,https://yamap.com/activities/30005964,https://drive.google.com/file/d/1z_JdEFzyomviwm68Qk2FVIa71wuGZxR1/view?usp=drivesdk,大高取山[376m],埼玉,💮,9,400,04:13,－,－,－
2024-03-02,🏔,登山,長尾山・金時山・明神ヶ岳,https://yamap.com/activities/30138023,https://drive.google.com/file/d/1DjBUsXxzj_1DAT3AYjRKcMe4_CNcrSHu/view?usp=drivesdk,長尾山[1144m]、金時山[1212m]、明神ヶ岳[1169m],神奈川,,13,"1,024",05:48,－,－,－
2024-03-03,🚲,サイクリング,千葉県・新川の川津桜と佐倉サイクリング,https://yamap.com/activities/30198269,https://drive.google.com/file/d/15mJukG9UgNccyOCnL80OJ5X9qmrUKW7h/view?usp=drivesdk,新川、佐倉,千葉,,29,159,05:36,小径車,r&m,BD-1
2024-03-09,🏔,登山,杓子山・二十曲峠・石割山・平尾山,https://yamap.com/activities/30249079,https://drive.google.com/file/d/1lT3s6o8dgXGg_A5w7bYOx22K-TlX__zk/view?usp=drivesdk,杓子山[1598m]、二十曲峠[1150m]、石割山[1412m]、平尾山[1290m],山梨,,14,"1,155",07:45,－,－,－
2024-03-10,🚲,サイクリング,入間川,https://yamap.com/activities/30274161,https://drive.google.com/file/d/12t6J0y8uvQMAoS7EJFORd-pj8EPLbVau/view?usp=drivesdk,入間川,埼玉、東京,,81,333,04:47,ロード,LOOK,KG585
2024-03-16,🏔🚲,登山,竜ヶ岳・烏帽子岳・パノラマ台,https://yamap.com/activities/30390742,https://drive.google.com/file/d/1QAGD-zDKpEm6YF6i2bQWJEZd6SXgPuZL/view?usp=drivesdk,竜ヶ岳[1485m]、烏帽子岳[1257m]、パノラマ台,山梨,,21,"1,223",07:37,ロード,Cannondale,CAAD12
2024-03-17,🚲,サイクリング,北浅羽桜堤公園,https://yamap.com/activities/30432783,https://drive.google.com/file/d/1zWgtQEpQHxBN67mSUhsX0gEmiwhKcWqm/view?usp=drivesdk,北浅羽桜堤公園,埼玉、東京,🌸,92,496,08:04,ロード,Cannondale,CAAD12
2024-03-24,🏔,登山,石尊山・官ノ倉山,https://yamap.com/activities/30526426,https://drive.google.com/file/d/1THjx8eM8fvhClHDiH44yzEmWq0Fb0tuO/view?usp=drivesdk,石尊山[344m]、官ノ倉山[345m],埼玉,,4,318,01:36,－,－,－
2024-03-30,🏔🚲,登山,赤岩ノ丸・黒岳・白谷ノ丸・白谷小丸,https://yamap.com/activities/30634511,https://drive.google.com/file/d/13Lj-Ciy8AI7FfNT9OQ4NoXKONWmTtA2l/view?usp=drivesdk,赤岩ノ丸[1792m]、黒岳[1988m]、白谷ノ丸[1920m]、白谷小丸[1895m],山梨,,20,"1,339",06:09,e-bike,Cannondale,Topstone Neo Carbon 4
2024-03-31,🚶,ウォーキング,秩父・清雲寺散策,https://yamap.com/activities/30644316,https://drive.google.com/file/d/1RxqWfpArthV6sFGWR9tUM3rcmR2epC_9/view?usp=drivesdk,清雲寺,埼玉,,2,55,01:24,－,－,－
2024-04-02,🏔,登山,甚六桜公園散策,https://yamap.com/activities/30709980,https://drive.google.com/file/d/1LcFC7ymHKukfJnBFj14WQ2-U82WcFxsY/view?usp=drivesdk,甚六桜公園散策,山梨,,5,150,01:27,－,－,－
2024-04-06,🚲,サイクリング,多摩,https://yamap.com/activities/30782338,https://drive.google.com/file/d/15P32O5qQr9RojAVUuK38xzTIOmXSZEop/view?usp=drivesdk,羽村の根搦み前水田,東京,🌸🌷,75,499,09:09,クロス,DE ROSA,TEAM
2024-04-07,🚲,サイクリング,多摩,https://yamap.com/activities/30975923,https://drive.google.com/file/d/14ecUDw0kbCEBnAcHa5mXRFxomEdNX80A/view?usp=drivesdk,武蔵野の森公園、東郷寺,東京,🌸,38,115,05:35,クロス,DE ROSA,TEAM
2024-04-13,🚲,サイクリング,都幾川桜堤,https://yamap.com/activities/30975948,https://drive.google.com/file/d/1fpYAwQUEO8mLSuPJnfhGr8mZf_0RXJZg/view?usp=drivesdk,都幾川桜堤,埼玉,🌸,16,181,01:48,クロス,DE ROSA,TEAM
2024-04-14,🚲,サイクリング,山伏峠,https://yamap.com/activities/30977714,https://drive.google.com/file/d/1_JmOzaI-oF3PYE1fu9eLa4v2AqhiC_ow/view?usp=drivesdk,山伏峠[621m],埼玉、東京,,107,975,06:38,ロード,Cannondale,CAAD12
2024-04-20,🏔,登山,大菩薩峠・小金沢山・牛奥ノ雁ヶ腹摺山,https://yamap.com/activities/31113898,https://drive.google.com/file/d/1E_QUgoGloUer70thpmLUt5Y9UVniezf0/view?usp=drivesdk,大菩薩峠[1897m]、小金沢山[2014m]、牛奥ノ雁ヶ腹摺山[1995m],山梨,,18,"1,325",07:04,－,－,－
2024-04-21,🚲,サイクリング,塩船観音,https://yamap.com/activities/31139646,https://drive.google.com/file/d/1IY5jTVC109c8tHwR3Vso2eUbSJ1QK2vv/view?usp=drivesdk,塩船観音、根岸屋,東京,,5,85,02:47,小径車,r&m,BD-1
2024-04-27,🚲,サイクリング,直島一周,https://yamap.com/activities/31369667,https://drive.google.com/file/d/15x3u-BQbZ2_SVqpjVOxzcMROoYkHzQoN/view?usp=drivesdk,直島、高松城,香川,島,12,311,01:38,ロード,Cannondale,SYNAPSE Hi-Mod
2024-04-28,🏔🚲,登山,丸石・次郎笈・剣山,https://yamap.com/activities/31259036,https://drive.google.com/file/d/16HiHisoh74FlbFoCL6EffpTuJgJADHrE/view?usp=drivesdk,かづら橋、丸石、次郎笈[1930m]、剣山[ 1955m],徳島,,18,"1,518",07:23,ロード,Cannondale,SYNAPSE Hi-Mod
2024-04-30,🚲,サイクリング,竜串と柏島,https://yamap.com/activities/31366030,https://drive.google.com/file/d/1x2TfpdnqUAyAJTBkXC1DpDdne_SgURyK/view?usp=drivesdk,竜串、柏島,高知,,92,800,08:38,ロード,Cannondale,CAAD12
2024-05-02,🚲,サイクリング,四万十川（四万十ヘブンズロード）,https://yamap.com/activities/31460982,https://drive.google.com/file/d/1lYY5lJcgjJKTTETW_ykSVIEmPJIg24pn/view?usp=drivesdk,四万十川,高知,,145,899,08:50,ロード,Cannondale,CAAD12
2024-05-03,🏔,登山,由布岳（東峰）,https://yamap.com/activities/31406791,https://drive.google.com/file/d/1JD8gs1JRNu1JNOA_NQZFqzBuwJU-utbR/view?usp=drivesdk,由布岳[1583m],大分,,7,809,03:47,－,－,－
2024-05-04,🚶,ウォーキング,秋吉台の冠山・北山,https://yamap.com/activities/31517202,https://drive.google.com/file/d/1-iiJ0cCIvGzYOoFcP9wGnaAIGhaC-h38/view?usp=drivesdk,冠山[377m]、北山[367m],山口,,3,129,01:39,－,－,－
2024-05-05,🏔,登山,宝満山,https://yamap.com/activities/31552799,https://drive.google.com/file/d/1ABBgKtdnXSDlLHzdFjtRqdefT4mDQjn7/view?usp=drivesdk,宝満山[829m],福岡,,6,727,03:05,－,－,－
2024-05-11,🏔🚲,登山,琴川ダムから金峰山へ,https://yamap.com/activities/31701495,https://drive.google.com/file/d/1QvkxQ4sjUHF2M34J_30z_UfcvAX85Uqd/view?usp=drivesdk,大弛峠[2360m]、金峰山[2599m],山梨,大弛峠,39,"1,807",09:08,e-bike,Cannondale,Topstone Neo Carbon 4
2024-05-18,🏔🚲,登山,硫黄岳・東天狗岳,https://yamap.com/activities/31886040,https://drive.google.com/file/d/1VBgUrHm8fshITfN96wLGtHltQ85bsUuK/view?usp=drivesdk,桜平駐車場、硫黄岳[2760m]、東天狗岳[2640m]、奥蓼科登山口、御射鹿池、桜平駐車場,長野,八ヶ岳,31,"2,099",10:43,e-bike,Cannondale,Topstone Neo Carbon 4
2024-05-25,🏔,登山,上高地から蝶ヶ岳へ,https://yamap.com/activities/32067245,https://drive.google.com/file/d/1-SjcxLeTTbsRe-rtBj6R_mO9mbFt-XSR/view?usp=drivesdk,"上高地、蝶ヶ岳[2677m]、蝶槍、
蝶ヶ岳ヒュッテ、上高地",長野,北アルプス,27,"1,645",14:08,－,－,－
2024-06-01,🏔,登山,日の山,https://yamap.com/activities/32175817,https://drive.google.com/file/d/1UMXgDvkn7ju0yHSozj55vHCu-ucHgl4i/view?usp=drivesdk,日ノ山[146m],東京,,5,187,01:32,－,－,－
2024-06-02,🚶,ウォーキング,航空自衛隊 防府北基地 航空祭2024,https://yamap.com/activities/32234677,https://drive.google.com/file/d/1CyrvWElNTKW0bldVSGIJ7LBtglHTKTdq/view?usp=drivesdk,防府北基地,山口,航空祭,4,14,00:52,－,－,－
2024-06-08,🏔🚲,登山,社山・中禅寺山・半月山,https://yamap.com/activities/32360534,https://drive.google.com/file/d/1H2WdvfeQpAmWVSZ1Jfr9udypXfX-1Z2w/view?usp=drivesdk,社山[1827m]、中禅寺山[1655m]、半月山[1753m],栃木,,19,"1,272",06:03,ロード,Cannondale,SYNAPSE Hi-Mod
2024-06-15,🏔,登山,甲斐駒ヶ岳,https://yamap.com/activities/32560544,https://drive.google.com/file/d/17ZVwsGS20Ac7AKOPAm49b1ZwXUNFivpI/view?usp=drivesdk,北沢峠、甲斐駒ヶ岳[2967m]、こもれび山荘,長野,南アルプス,10,"1,159",08:08,－,－,－
2024-07-06,🏔,登山,燕岳,https://yamap.com/activities/32951595,https://drive.google.com/file/d/1gTWMpO3i39VthWOo9ggtBXRJ8MZaxPUR/view?usp=drivesdk,中房温泉、燕岳[2763m]、燕山荘、中房温泉,長野,北アルプス,13,"1,593",09:30,－,－,－
2024-07-13,🏔,登山,立山（雄山）・立山（大汝山）・立山（富士ノ折立）・真砂岳・別山・別山（北峰）,https://yamap.com/activities/33065886,https://drive.google.com/file/d/1PBTRy2j6pEVgW0TDbQtZ5W1Bp3lgs2oa/view?usp=drivesdk,室堂、立山[3015m]、別山[2874m]、雷鳥荘、みくりが池,富山,北アルプス,12,"1,125",07:59,－,－,－
2024-07-20,🏔🚲,登山,南アルプス・茶臼岳,https://yamap.com/activities/33219169,https://drive.google.com/file/d/1Bq7U2JXwkknqyhVNaqK9pspJqEm59mqv/view?usp=drivesdk,沼平駐車場、茶臼小屋、茶臼岳[2604m]、沼平駐車場,長野,南アルプス,25,"2,464",12:10,e-bike,Cannondale,Topstone Neo Carbon 4
2024-07-27,🏔,登山,白馬岳,https://yamap.com/activities/33391050,https://drive.google.com/file/d/1lRw6A4d2jTRyhnvXf3QDymEOGh3IRujt/view?usp=drivesdk,栂池、白馬大池[2379m]、小蓮華山[2766m]、白馬岳[2932m]、白馬山荘、栂池,長野,北アルプス,20,"1,920",10:56,－,－,－
2024-07-29,🚲,サイクリング,乗鞍,https://yamap.com/activities/33422973,https://drive.google.com/file/d/1atqnO7YLwghUKc4icY7XVQUXv0CLGtnD/view?usp=drivesdk,乗鞍エコーライン、畳平[2702m],長野,乗鞍,42,"1,292",3:57,ロード,LOOK,KG585
2024-08-13,🏔,登山,折立から新穂高へ,https://yamap.com/activities/33835939,https://drive.google.com/file/d/17d3R0YrIO8Hsft6I68reMjKuy3C8hNA9/view?usp=drivesdk,折立、太郎平小屋、黒部五郎岳[2840m]、黒部五郎小舎、三俣蓮華岳[2841m]、双六岳[2860m]、鏡平山荘、新穂高,富山、長野、岐阜,北アルプス,38,"2,841",24:10,－,－,－
2024-08-18,🚲,サイクリング,若洲海浜公園,https://yamap.com/activities/33915699,https://drive.google.com/file/d/1NOoZt47zwK2Pu3vpi96uZCJTh3lT0wQd/view?usp=drivesdk,若洲海浜公園,東京,,98,300,08:06,ロード,Cannondale,CAAD12
2024-08-24,🚶,ウォーキング,もてぎサーキット,https://yamap.com/activities/33992954,https://drive.google.com/file/d/1-AwGV1reBrYCXjZNCS_5dNVgTVhscDXc/view?usp=drivesdk,もてぎサーキット,栃木,,1,22,00:06,－,－,－
2024-09-01,🚲,サイクリング,都内,https://yamap.com/activities/34118214,https://drive.google.com/file/d/1joYLIopYFZj7MR5luoxpxuQYcG4AiYX8/view?usp=drivesdk,東京国立博物館、アメ横,東京,,36,137,07:46,小径車,r&m,BD-1
2024-09-07,🚲,サイクリング,林道「湯之奥猪之頭線」,https://yamap.com/activities/34241567,https://drive.google.com/file/d/18ELUR6DC3hszvlf0edAJPLT0i1okgMOc/view?usp=drivesdk,林道「湯之奥猪之頭線」、田貫湖、本栖湖,山梨、静岡,,82,"1,586",06:50,ロード,Cannondale,CAAD12
2024-09-23,🚲,サイクリング,乗鞍周回,https://yamap.com/activities/34620692,https://drive.google.com/file/d/1fHPmOfQrI18EI8DTy-MBkoplCw2kEkkl/view?usp=drivesdk,乗鞍エコーライン、畳平[2702m]、乗鞍スカイライン、平湯峠[1684m]、安房峠[1790m],長野、岐阜,乗鞍越え,76,"2,421",08:13,ロード,Cannondale,CAAD12
2024-09-28,🏔,登山,合戦沢の頭・燕岳,https://yamap.com/activities/34763714,https://drive.google.com/file/d/1I5EKlSR6SzfXlrAIn2FFa3vy9mP0_RIC/view?usp=drivesdk,中房温泉、燕山荘、燕岳[2763m]、中房温泉,長野,北アルプス,13,"1,539",13:55,－,－,－
2024-10-06,🏔,登山,日高市・巾着田の曼殊沙華,https://yamap.com/activities/34906542,https://drive.google.com/file/d/1qoo-Uln2esN2p_dHd6QfFFnKw_PRETIl/view?usp=drivesdk,巾着田,埼玉,,3,23,03:06,－,－,－
2024-10-12,🏔,登山,中房温泉から一ノ沢へ,https://yamap.com/activities/35110959,https://drive.google.com/file/d/1bdOx3GhlUaNXDSVx7_dKD_oQ3CE81_zk/view?usp=drivesdk,"中房温泉、燕岳[2763m]、
大天荘、大天井岳[2922m]、東天井岳[2814m]、常念小屋、一ノ沢",長野,北アルプス,22,"1,987",14:31,－,－,－
2024-10-14,🏔,登山,紫金山・アトラス彗,https://yamap.com/activities/35204533,https://drive.google.com/file/d/1GigD8DkWz6OQEZCpI9Ko7gXA9KooWFhK/view?usp=drivesdk,多摩湖の堤防,東京,,14,48,02:43,－,－,－
2024-11-03,🚲,サイクリング,米沢・会津サイクリング,https://yamap.com/activities/35704111,https://drive.google.com/file/d/1UdGexIvD9VkwKUG6VBNOB7QrY9Z3SS9D/view?usp=drivesdk,米沢駅、喜多方、会津若松、鬼怒川温泉駅,新潟、福島、栃木、埼玉、東京,,323,"1,117",18:44,ロード,Cannondale,CAAD12
2024-12-08,🚲,サイクリング,百里基地航空祭2024,https://yamap.com/activities/36501488,https://drive.google.com/file/d/1BWWSvpNWeiPRBmrbbVgqXOYMZpHGUc2C/view?usp=drivesdk,百里基地,茨城,航空祭,22,114,02:26,クロス,DE ROSA,TEAM
2024-12-28,🏔,登山,宇部市・日の山,https://yamap.com/activities/36793587,https://drive.google.com/file/d/1hDMZfZgnkAmA8UPfy5E3L3jOqh_Ckh6I/view?usp=drivesdk,日ノ山[146m],山口,,4,158,01:12,－,－,－
2024-12-30,🏔,登山,勘十郎岳・亀尾山周回,https://yamap.com/activities/36856366,https://drive.google.com/file/d/179TiEOuCWR2IpdupDBZK0eP34Pw3anbU/view?usp=drivesdk,勘十郎岳[246m]、亀尾山[325m],山口,,5,405,01:39,－,－,－
2024-12-31,🚶,ウォーキング,関門海峡,https://yamap.com/activities/36882449,https://drive.google.com/file/d/1kgMGzJcKQTDM2ZEj4UaohVBYPMFJy_JH/view?usp=drivesdk,唐戸、関門トンネル人道、門司港,山口,,7,98,02:28,－,－,－
2025-01-03,🏔,登山,六畳岩・貝殻山,https://yamap.com/activities/36973417,https://drive.google.com/file/d/1UEhpAUs-kYSzsmMTjCQX3O8Le1D5HoNU/view?usp=drivesdk,六畳岩、貝殻山[80m],山口,,3,145,00:56,－,－,－
2025-01-05,🏔,登山,亀山・遠下山・梅ノ木山・火の山・南原之頭・陶ヶ岳（観音山）・龍神山・岩屋山,https://yamap.com/activities/37058513,https://drive.google.com/file/d/1Bfsq7VvkAjfHx_FlraOUPkdLluWpINpt/view?usp=drivesdk,亀山[300m]、火の山[304m]、陶ヶ岳[230m]、岩屋山[210m],山口,,7,555,03:01,－,－,－
2025-01-11,🚲,グラベル,狭山湖,https://yamap.com/activities/37141281,https://drive.google.com/file/d/1xZesRz5m0EXsnr_FUKTuKYOsP4Mrd9El/view?usp=drivesdk,多摩湖、狭山湖,埼玉、東京,,36,474,02:43,ロード,Cannondale,Topstone 3L
2025-01-13,🚲,グラベル,南多摩里山,https://yamap.com/activities/37218066,https://drive.google.com/file/d/18J-wTSkxvo8T9lNNnx1vGEyfVUsN7Hh9/view?usp=drivesdk,よこやまの道、小野路宿,東京,,49,827,04:53,ロード,Cannondale,Topstone 3L
2025-01-18,🚲,グラベル,狭山湖,https://yamap.com/activities/37350710,https://drive.google.com/file/d/1Ug9Fk0dtj-13v8iW-vGlzJMLHaSJsSJa/view?usp=drivesdk,多摩湖、狭山湖,埼玉、東京,,40,496,04:52,ロード,Cannondale,Topstone 3L
2025-01-19,🚲,サイクリング,都内,https://yamap.com/activities/37350604,https://drive.google.com/file/d/16W5NRpv2d-0Bpg87VAFLzkeTcRMo5z7v/view?usp=drivesdk,西新宿,東京,,50,109,04:28,ロード,Cannondale,Topstone 3L
2025-02-02,🚲,サイクリング,萩市・笠山,https://yamap.com/activities/37617228,https://drive.google.com/file/d/185hELjb3uVrK7bTOYWeD5fG-aaL9AUfk/view?usp=drivesdk,笠山[112m],山口,,31,438,04:02,e-bike,Cannondale,Topstone Neo Carbon 4
2025-02-11,🚲,サイクリング,山陽小野田市・竜王山,https://yamap.com/activities/37805746,https://drive.google.com/file/d/1WEFGJ_ddlCAcI5tuO7ak-Tlbu0b2zNba/view?usp=drivesdk,竜王山[139m]、きららビーチ焼野、くぐり岩,山口,,53,480,04:45,ロード,Cannondale,CAAD12
2025-02-15,🚲,サイクリング,秋穂,https://yamap.com/activities/37875896,https://drive.google.com/file/d/10VzW_wI-t6YgKrUnHsxhK2CTxHzUG_5p/view?usp=drivesdk,秋穂,山口,,85,730,06:06,ロード,Cannondale,CAAD12
2025-03-01,🚶,ウォーキング,秋吉台山焼き残念,https://yamap.com/activities/38172139,https://drive.google.com/file/d/15ml6o7kpPUdCrg6aGbNmgdENxxvuQPUF/view?usp=drivesdk,秋吉台,山口,,3,95,01:22,－,－,－
2025-03-06,🏔,登山,防府天満宮の梅と天神山,https://yamap.com/activities/38258330,https://drive.google.com/file/d/1TXorTulQfj6vjsTOFeNOCW7OW1rNxVWH/view?usp=drivesdk,防府天満宮、天神山[167m],山口,💮🌸,2,159,02:25,－,－,－
2025-03-08,🏔,登山,北九州の戸ノ上山・足立山・小文字山へ,https://yamap.com/activities/38299381,https://drive.google.com/file/d/1S0r0RGCpDuvDhWq0gl4DoH_vRQaa2eq_/view?usp=drivesdk,戸ノ上山[518m]、足立山[598m]、小文字山[366m],福岡,,18,"1,200",06:51,－,－,－
2025-03-09,🚲,サイクリング,秋吉台,https://yamap.com/activities/38354536,https://drive.google.com/file/d/1VvoQ2nlWrHuSoT9VBjf3CKPhabqUTUAX/view?usp=drivesdk,秋吉台,山口,,80,"1,047",05:33,ロード,LOOK,KG585
2025-03-20,🚲,イベント,楠こもれびの郷・美祢,https://yamap.com/activities/38546405,https://drive.google.com/file/d/1SKGdj_Kp3A13ZxKSj6DAOzhK3u9CP1i3/view?usp=drivesdk,楠こもれびの郷,山口,,98,828,08:43,ロード,LOOK,KG585
2025-03-22,🚲,サイクリング,とびしま海道,https://yamap.com/activities/38608894,https://drive.google.com/file/d/1gxAS-y1Y57cRnCzJCpm4zro2vo3lCzNK/view?usp=drivesdk,とびしま海道,広島,しまなみ,103,776,08:02,ロード,Cannondale,CAAD12
2025-03-23,🚲,サイクリング,かきしま海道,https://yamap.com/activities/38660133,https://drive.google.com/file/d/1RmOv_3n-VDn88cEi05P9nB3_DRpjSt8T/view?usp=drivesdk,かきしま海道,広島,しまなみ,102,621,09:23,ロード,Cannondale,Topstone 3L
2025-03-24,🏔,登山,弥山,https://yamap.com/activities/38667544,https://drive.google.com/file/d/1PpWIKs7QXh8F6vBhUHwlugdejYg-xGHo/view?usp=drivesdk,弥山[535m]、大聖院、厳島神社,広島,,9,666,04:24,－,－,－
2025-03-30,🚲,サイクリング,多摩の桜,https://yamap.com/activities/38837794,https://drive.google.com/file/d/1GnNNv0cGiVxL5-LTiSKiYTh38PdIq8a0/view?usp=drivesdk,深大寺、東郷寺、武蔵国分寺跡,東京,🌸,62,200,09:03,小径車,r&m,BD-1
2025-03-31,🚲,サイクリング,都内,https://yamap.com/activities/38837797,https://drive.google.com/file/d/1rPzVdehiA_xA-Lo2Gud80ErRVuDIp5Dl/view?usp=drivesdk,神田川、千鳥ヶ淵公園、日本橋、増上寺、浜離宮恩賜庭園、永代橋、神田明神、小石川後楽園、花園神社(新宿),東京,🌸,47,161,11:43,小径車,r&m,BD-1
2025-04-02,🚶,ウォーキング,山口市の桜,https://yamap.com/activities/38842165,https://drive.google.com/file/d/162uUh6KQ0mWUsTpO0Z3h8bIpCrKkjZlb/view?usp=drivesdk,一の坂川、サビエル記念聖堂、雪舟庭,山口,🌸,8,101,03:16,－,－,－
2025-04-03,🏔,登山,竜王山の桜,https://yamap.com/activities/38850240,https://drive.google.com/file/d/10isId6xDdgY6WwZ9MK-6UM2A7TCGz4z1/view?usp=drivesdk,竜王山[139m],山口,🌸,1,39,00:39,－,－,－
2025-04-06,🚲,サイクリング,宇部市の桜,https://yamap.com/activities/38984121,https://drive.google.com/file/d/1P-ND9fKwOlm9Ew3BhAF7DnQSxLAkIi2L/view?usp=drivesdk,常盤公園、宗麟寺、宇部護国神社,山口,🌸,14,57,03:07,ロード,Cannondale,Topstone 3L
2025-04-07,🚶,ウォーキング,みね桜まつり,https://yamap.com/activities/38976369,https://drive.google.com/file/d/1eyHvCf9K4YW32b2I577vCFeshNsqvHvS/view?usp=drivesdk,厚狭川,山口,🌸,1,4,00:59,－,－,－
2025-04-08,🚲,サイクリング,関門海峡,https://yamap.com/activities/38994378,https://drive.google.com/file/d/1SmP7eCB8Etd7ZOFmFUcYc0oH54c92pyM/view?usp=drivesdk,火の山公園,山口,🌸🌷,16,186,04:29,クロス,DE ROSA,TEAM
2025-04-09,🏔🚲,登山,霜降城跡,https://yamap.com/activities/38757422,https://drive.google.com/file/d/1XnFXsOkgGtFeYk7_L9dnJAU6uQNCfmcJ/view?usp=drivesdk,男山[232m],山口,🌸,44,860,07:54,ロード,Cannondale,Topstone 3L
2025-04-12,🚲,サイクリング,津和野,https://yamap.com/activities/39071353,https://drive.google.com/file/d/1IqScYjhnzck4mVnEUjPgNo5a9hGamldk/view?usp=drivesdk,津和野、太皷谷稲成神社,島根,🌸,7,99,02:10,小径車,r&m,BD-1
2025-04-16,🏔,登山,久住山,https://yamap.com/activities/39152789,https://drive.google.com/file/d/17_TfmVO9cJc6g8hgoJ7NqlqJGhbSMyGK/view?usp=drivesdk,牧ノ戸峠、久住山[1786m],大分,,10,622,06:07,－,－,－
2025-04-17,🏔🚲,登山,仙酔峡から中岳・高岳・南岳へ登山して自転車で周回,https://yamap.com/activities/39177870,https://drive.google.com/file/d/1KYCBx6Va3zE3KC1mn9jaj1x1feqSvxUg/view?usp=drivesdk,仙酔峡、中岳[1506m]、高岳[1592m]、南岳[1496m]、阿蘇噴煙展望公園駐車場、仙酔峡,熊本,,27,"1,496",08:12,ロード,Cannondale,Topstone 3L
2025-04-18,🏔,登山,阿蘇の烏帽子岳・杵島岳,https://yamap.com/activities/39193862,https://drive.google.com/file/d/1QPxWPbffkKNxftmBTioONvY7TgF72g6t/view?usp=drivesdk,烏帽子岳[1337m]、杵島岳[1326m],熊本,,7,542,03:34,－,－,－
2025-04-19,🏔🚲,登山,北大船山・大船山・坊ガツル,https://yamap.com/activities/39255431,https://drive.google.com/file/d/1fekfgywC28wmIWhaSzT7Rhc0rOdm9H8F/view?usp=drivesdk,男池駐車場、北大船山[1706m]、大船山[1786m]、坊ガツル、吉部登山、男池駐車場,大分,,19,"1,207",07:24,ロード,Cannondale,Topstone 3L
2025-04-26,🚲,サイクリング,長門市・青海島,https://yamap.com/activities/39426581,https://drive.google.com/file/d/1efoaeO8zcmD21JsBezSEE7g7f9pD0DS6/view?usp=drivesdk,青海島、青海島自然研究路,山口,島,32,868,04:03,ロード,Cannondale,Topstone 3L
2025-04-27,🚲,サイクリング,防府市・大平山,https://yamap.com/activities/39497340,https://drive.google.com/file/d/1IsTDI9mNJkUjLhUSdgNpvrdLspydsc6H/view?usp=drivesdk,大平山[631m]、林道「神宮線」、とりたまの里、大原湖、平家の泉,山口,,87,"1,415",06:57,ロード,Cannondale,CAAD12
2025-05-02,🚲,サイクリング,しまなみ海道,https://yamap.com/activities/39830593,https://drive.google.com/file/d/18GR0nj07ztx2UooxG033IzeeVjlSUTRs/view?usp=drivesdk,しまなみ海道,広島,しまなみ,98,624,08:42,ロード,Cannondale,CAAD12
2025-05-03,🚲,サイクリング,ゆめしま海道,https://yamap.com/activities/39830635,https://drive.google.com/file/d/1_ti4Qe-44DYjtrNSFMDIpVEneP_AGBDF/view?usp=drivesdk,ゆめしま海道,広島、愛媛,しまなみ,83,568,07:43,ロード,Cannondale,CAAD12
2025-05-08,🚶,ウォーキング,角島,https://yamap.com/activities/39869225,https://drive.google.com/file/d/1ceExANL4h3kW28T3s2T5DRVbdKtbR4SC/view?usp=drivesdk,角島,山口,島,1,21,00:17,－,－,－
2025-05-10,🚲,サイクリング,宇部市北部,https://yamap.com/activities/39838304,https://drive.google.com/file/d/1cBnRLUI4qHVie2roFjrCQS9DKmfAPc69/view?usp=drivesdk,厚東川ダム、小野茶直売所、船木鉄道、吉部の大岩郷、万倉の大岩郷、今富ダム、楠こもれびの郷,山口,,78,"1,019",05:47,ロード,Cannondale,CAAD12
2025-05-11,🏔,登山,十種ヶ峰（長門富士）,https://yamap.com/activities/39939677,https://drive.google.com/file/d/1SCKvaOO3MK8sGzEeImxKJJVZ4gjMEmfB/view?usp=drivesdk,十種ヶ峰[989m],山口,,6,611,03:26,－,－,－
2025-05-15,🏔,登山,大平山のツツジ,https://yamap.com/activities/40032679,https://drive.google.com/file/d/1dAuJdJ3sDiG9k7cZPjdLiN9lJgD-cgM2/view?usp=drivesdk,大平山[631m],山口,,2,102,00:49,－,－,－
2025-05-18,🏔,イベント,シマクル2025周防大島,https://yamap.com/activities/40127452,https://drive.google.com/file/d/1CYJg1-mmN6IwoCf2RmH5M9ZqskP0xOUU/view?usp=drivesdk,周防大島,山口,島,91,"1,638",04:53,－,－,－
2025-05-25,🏔,登山,宇部市・観音岳の展望台,https://yamap.com/activities/40244909,https://drive.google.com/file/d/1oszyBwrNvKDkEsKNC7bMdvJscg3xNrYJ/view?usp=drivesdk,観音岳[161m],山口,,5,222,01:48,－,－,－
2025-05-27,🚲,サイクリング,萩,https://yamap.com/activities/40306675,https://drive.google.com/file/d/1smmo44GnArGj6iSg0h_ncHVJzhh8eDXF/view?usp=drivesdk,萩,山口,,149,"1,458",09:08,ロード,Cannondale,CAAD12
2025-05-31,🚲,サイクリング,東鳳翩山の林道越え,https://yamap.com/activities/40381088,https://drive.google.com/file/d/1V_Ue1R0eQlD2hEcBFNEn8IWPn_STP_ge/view?usp=drivesdk,地蔵峠[533m]、雲雀峠[242m]、秋吉台、小野湖,山口,,114,"1,419",07:18,ロード,Cannondale,CAAD12
2025-06-01,🏔,登山,火の山連山,https://yamap.com/activities/40416861,https://drive.google.com/file/d/1v7nQFfIQpQUdb84XUcZ_cLa1MAykw-Cw/view?usp=drivesdk,火の山[304m]、陶ヶ岳[230m],山口,,6,521,05:11,－,－,－
2025-06-04,🏔🚲,登山,平治岳,https://yamap.com/activities/40482249,https://drive.google.com/file/d/18JvO4tZdqQFlmGCo7SZNUQEY2EaBeZbk/view?usp=drivesdk,男池駐車場、平治岳[1643m]、坊ガツル、長者原、男池駐車場,大分,,23,"1,245",09:34,ロード,Cannondale,Topstone 3L
2025-06-05,🏔,登山,くじゅう・三俣山と中岳,https://yamap.com/activities/40496987,https://drive.google.com/file/d/1UZKB_Pze5zyTlPziNQgUpR-iLfajITpv/view?usp=drivesdk,牧ノ戸峠、大曲駐車場、三俣山[1744m]、中岳[1791m]、久住分かれ、牧ノ戸峠,大分,,13,"1,061",07:21,－,－,－
2025-06-07,🏔,登山,鬼ヶ城,https://yamap.com/activities/40563265,https://drive.google.com/file/d/1Expn1own4ro0qXrICcC_mns7iTyCeqRl/view?usp=drivesdk,鬼ヶ城,山口,,5,546,03:45,－,－,－
2025-06-11,🚲,サイクリング,宇部市北部,https://yamap.com/activities/40677738,https://drive.google.com/file/d/1rl-yl278Lw3B2DkiYMCHaBHHQGwmjyMf/view?usp=drivesdk,小野湖、万倉の大岩郷、今富ダム、大韓飯屋,山口,,75,"1,044",05:06,ロード,ORBEA,ORCA M30iLTD PWR
2025-06-15,🏔,登山,福智山・鷹取山,https://yamap.com/activities/40753410,https://drive.google.com/file/d/1vXllq1y_LYecVcI0S2nyFkH7Is4_YJ5t/view?usp=drivesdk,福智山[901m]、鷹取山[633m],福岡,,7,835,05:22,－,－,－
2025-06-18,🚲,サイクリング,耶馬渓,https://yamap.com/activities/40833697,https://drive.google.com/file/d/1aztvlPsIwzXvfEPNL867CnZjt3rXb0IQ/view?usp=drivesdk,耶馬渓,大分,,76,440,06:38,ロード,Cannondale,CAAD12
2025-06-19,🚲,サイクリング,湯布院,https://yamap.com/activities/40833699,https://drive.google.com/file/d/1AEl6eSxJ0bpZeKEK24l0EtdbG0_TGEDC/view?usp=drivesdk,湯布院、由布岳登山口,大分,,21,602,01:51,ロード,ORBEA,ORCA M30iLTD PWR
2025-06-21,🚲,サイクリング,下関市豊田湖,https://yamap.com/activities/40902881,https://drive.google.com/file/d/1k2EUGDx1aVv-bD8ZLesDXNU3kf7faKHM/view?usp=drivesdk,豊田湖,山口,,156,"2,051",10:24,ロード,ORBEA,ORCA M30iLTD PWR
2025-06-22,🏔,登山,六畳岩・貝殻山,https://yamap.com/activities/40917023,https://drive.google.com/file/d/1Uw1ki-ppCaFx_woe58nazD8pcAVevBy5/view?usp=drivesdk,六畳岩、貝殻山[80m],山口,,2,84,00:54,－,－,－
2025-06-28,🏔,登山,右田ヶ岳,https://yamap.com/activities/41027434,https://drive.google.com/file/d/194Sw92fuOOwVjO2T9BfLrCEN440FnS-V/view?usp=drivesdk,右田ヶ岳[426m],山口,,4,443,04:18,－,－,－
2025-06-29,🚲,イベント,ツール・ド・下関,https://yamap.com/activities/41112592,https://drive.google.com/file/d/1HfW8UArX1Ax02nSBs2ymc28L9pG96s41/view?usp=drivesdk,下関市,山口,,125,"1,088",06:58,ロード,ORBEA,ORCA M30iLTD PWR
2025-07-06,🏔,登山,四王司山・岩山・勝山,https://yamap.com/activities/41252590,https://drive.google.com/file/d/10HWb-9v7Tp-HnKihYoVM2IwuAjvg7FEv/view?usp=drivesdk,四王司山[392m]、岩山[290m]、勝山[361m],山口,,5,489,04:01,－,－,－
2025-07-13,🏔,登山,下関市・竜王山,https://yamap.com/activities/41422725,https://drive.google.com/file/d/1sRIEqcTAW9hodlobcCkLIGHcLTkSd5AX/view?usp=drivesdk,竜王山[614m],山口,,5,573,03:42,－,－,－
2025-07-15,🏔,登山,三瓶山お鉢巡り,https://yamap.com/activities/41467409,https://drive.google.com/file/d/141wm-1RDZsOgk5zJMzolqz00_zdCSOd1/view?usp=drivesdk,三瓶山[1126m],島根,,10,954,04:58,－,－,－
2025-07-16,🚲,サイクリング,奥出雲ループ橋,https://yamap.com/activities/41483063,https://drive.google.com/file/d/1h4gKnDyHdBRTnp_TbgbcTreWmM7SyAww/view?usp=drivesdk,奥出雲ループ橋,島根,,49,"1,143",04:26,ロード,ORBEA,ORCA M30iLTD PWR
2025-07-16,🏔,登山,吾妻山・烏帽子山・比婆山,https://yamap.com/activities/41476361,https://drive.google.com/file/d/1Iau0XDXX8K4tg0NawbCsdrtwJ6cx_cfJ/view?usp=drivesdk,吾妻山[1238m]、烏帽子山[1225m]、比婆山[1264m],広島,,9,699,03:37,－,－,－
2025-07-19,🚲,グラベル,林道「大田東山線」,https://yamap.com/activities/41546766,https://drive.google.com/file/d/15HMUZF75b9lXQd8mPy3wLmUEgTZzoVsF/view?usp=drivesdk,21世紀の森[511m]、林道「大田東山線」,山口,,104,"1,448",07:50,ロード,PINARELLO,X1
2025-07-20,🏔,登山,伽藍岳,https://yamap.com/activities/41570727,https://drive.google.com/file/d/1W2SsuieJVgRKdVsrDKfVqyewyege1C-M/view?usp=drivesdk,伽藍岳[1045m],大分,,5,349,02:36,－,－,－
2025-07-25,🚲,サイクリング,阿武町周辺,https://yamap.com/activities/41762855,https://drive.google.com/file/d/1DwW1jvsr0NGNgWnB_VNYN-GxAUPS7B5I/view?usp=drivesdk,道の駅「阿武町」、道の駅「うり坊の郷」、林道「尾礼2号線」、むつみフラワーロード、雲林寺、道の駅「ハピネスふくえ」,山口,,63,952,04:54,ロード,PINARELLO,X1
2025-07-26,🏔,登山,一位ヶ岳,https://yamap.com/activities/41744269,https://drive.google.com/file/d/1nmjWyNNmXzdEe-1lFJaO1D3zuItrIeXf/view?usp=drivesdk,一位ヶ岳[672m],山口,,4,519,03:25,－,－,－
2025-07-30,🏔,登山,折立から室堂へ,https://yamap.com/activities/41874272,https://drive.google.com/file/d/1YUzuTKAOTM8hgpmg5J2Rs1FncZsC4uAz/view?usp=drivesdk,"折立、太郎平、薬師岳[2926m]、スゴ乗越、越中沢岳[2592m]、五色ヶ原、龍王岳[2872m]、
浄土山[2831m]、室堂",富山,北アルプス,28,"3,387",20:50,－,－,－
2025-08-14,🚲,サイクリング,匹見峡,https://yamap.com/activities/42181931,https://drive.google.com/file/d/1uYU6KFKXKINAz3fs2ly2XkvCOf_7qPk1/view?usp=drivesdk,匹見峡,広島,,90,819,05:52,ロード,ORBEA,ORCA M30iLTD PWR
2025-09-09,🚶,ウォーキング,関門海峡,https://yamap.com/activities/42776239,https://drive.google.com/file/d/1_S_y0Mf88EXb1TPeKj_EdwadKCC3G9xW/view?usp=drivesdk,門司港レトロ、関門人道トンネル、壇ノ浦、赤間神宮,福岡,,8,96,03:20,－,－,－
2025-09-13,🚲,サイクリング,山口島根県境,https://yamap.com/activities/42835871,https://drive.google.com/file/d/1h22DJeQRYHpycarSfPnGFX5Zxaqpwseh/view?usp=drivesdk,道の駅「願成就温泉」、道の駅「かきのきむら」、米山峠[740m]、小峰峠[710m]、仏峠[650m]、野道峠[427m],島根、山口,,105,"1,730",06:52,ロード,ORBEA,ORCA M30iLTD PWR
2025-09-15,🏔,登山,勘十郎岳・亀尾山（大海山）,https://yamap.com/activities/42921112,https://drive.google.com/file/d/1Goxe-s0a3PFztVRu1OYqEzNl-TvFeXH-/view?usp=drivesdk,火の山[304m]・陶ヶ岳[230m]、大海山[325m],山口,,4,394,03:36,－,－,－
2025-09-21,🚲,サイクリング,ぐるっとくじゅう周遊道路,https://yamap.com/activities/43047939,https://drive.google.com/file/d/1Bx3oIoG14k1AYyICmbeKEe1fILXJUNdm/view?usp=drivesdk,ぐるっとくじゅう周遊道路,大分、熊本,,76,"1,669",06:49,ロード,PINARELLO,X1
2025-09-22,🚲,サイクリング,牧ノ戸峠,https://yamap.com/activities/43033509,https://drive.google.com/file/d/1U0C2cT_kuF0x2Rt24PcTyh0Zbda7rPKN/view?usp=drivesdk,牧ノ戸峠[1330m],東京,,121,"2,334",08:12,ロード,ORBEA,ORCA M30iLTD PWR
2025-10-02,🚲,サイクリング,秋の秋穂,https://yamap.com/activities/43304627,https://drive.google.com/file/d/1iuoJyXo5rdjEBSS6-OHrSuxD_cHY0rux/view?usp=drivesdk,秋穂,山口,,83,654,06:36,ロード,ORBEA,ORCA M30iLTD PWR
2025-10-06,🚲,サイクリング,やまがたロングコース,https://yamap.com/activities/43079563,https://drive.google.com/file/d/1nUlvMGjGMML0wPheg-4ulYv7VkNQJVuq/view?usp=drivesdk,やまがたロングコース,広島,,131,"1,694",08:19,ロード,PINARELLO,X1
2025-10-07,🚲,サイクリング,長野山,https://yamap.com/activities/43440922,https://drive.google.com/file/d/1k9zYkIjocSAD4ZYmOLQRMsSGbIPp3XwU/view?usp=drivesdk,長野山[1015m],山口,,86,"1,615",07:15,ロード,ORBEA,ORCA M30iLTD PWR
2025-10-11,🏔,登山,宝満山,https://yamap.com/activities/43516919,https://drive.google.com/file/d/16x0bm6JIUx4W8ZTOZ_mpF3EqKL9byERb/view?usp=drivesdk,宝満山[829m],福岡,,7,733,05:00,－,－,－
2025-10-13,🚲,サイクリング,山口県西部の県道,https://yamap.com/activities/43628403,https://drive.google.com/file/d/1PSM3bYA2C-YfAjO5GiPV8-nqjardy5bY/view?usp=drivesdk,楠こもれびの郷、赤間関街道、道の駅「きくがわ」、道の駅「おふく」、江原ウバーレ集落、別府弁天池、秋吉台,山口,,128,"1,714",08:54,ロード,PINARELLO,X1
2025-10-19,🏔,登山,狗留孫山,https://yamap.com/activities/43756785,https://drive.google.com/file/d/1SIX5aEZx0Nr9iACgLJor2VOjRIn4h0Jd/view?usp=drivesdk,狗留孫山[616m],山口,,5,459,02:39,－,－,－
2025-10-20,🚲,サイクリング,山口県西北,https://yamap.com/activities/43774284,https://drive.google.com/file/d/1fw3eHYQqJGVq5Nd1M65i-hnmE4jqPoDG/view?usp=drivesdk,道の駅「きくがわ」、貴飯峠[250m]、有宗ダム、林道「有宗線」、豊田湖、道の駅「蛍街道西ノ市」,山口,,90,"1,028",05:48,ロード,ORBEA,ORCA M30iLTD PWR
2025-10-23,🚲,サイクリング,日田市周辺,https://yamap.com/activities/43812734,https://drive.google.com/file/d/1B0DbYls0Gi8mYqwoiIq7eWwplgl1I_9x/view?usp=drivesdk,日田市、日田往還、竹地区の棚田、進撃の巨人 in HITA ミュージアム,大分,,110,"1,805",09:28,ロード,PINARELLO,X1
2025-10-24,🏔🚲,登山,北大船山・大船山,https://yamap.com/activities/43833784,https://drive.google.com/file/d/1Bt-EJ6qdTPVevDQAn6QuwVlPqJt-uNja/view?usp=drivesdk,男池駐車場、北大船山[1706m]、大船山[1786m]、坊ガツル、長者原、男池駐車場,大分,,23,"1,339",08:29,ロード,PINARELLO,X1
2025-10-29,🚲,サイクリング,福岡県嘉麻市から秋月周回,https://yamap.com/activities/43933694,https://drive.google.com/file/d/16KsfgosB08E-X04agwcKqCqwA2oMAjnC/view?usp=drivesdk,道の駅「うすい」、林道「南嘉穂１号線」、八丁峠[525m]、秋月、上秋月湖、令和あさくら湖、寺内ダム、林道「上ノ浦」,福岡,,91,"1,637",07:19,ロード,PINARELLO,X1
2025-10-30,🚲,サイクリング,平尾台周辺サイクリング,https://yamap.com/activities/43954270,https://drive.google.com/file/d/1nHMQB9yXqn-uTlfxOZIsPgsPKzcUu0ly/view?usp=drivesdk,道の駅「香春」、平尾台、鱒淵、木屋瀬宿、城山横穴群、石炭記念公園,福岡,,95,"1,317",07:57,ロード,PINARELLO,X1
2025-11-01,🚲,サイクリング,花の海,https://yamap.com/activities/44097526,https://drive.google.com/file/d/1o2Vi-G2rX3kIWLdRfZefKZS4K3OXIKIG/view?usp=drivesdk,くぐり岩、花の海,山口,,86,647,06:35,ロード,ORBEA,ORCA M30iLTD PWR
2025-11-03,🏔,登山,砲台山・妙見山・足立山（霧ヶ岳）・小文字山,https://yamap.com/activities/44081118,https://drive.google.com/file/d/1IxNI5g67YQPL_BcUXX2wsHZiBlhsthVu/view?usp=drivesdk,砲台山[442m]、妙見山[519m]、足立山[598m]、小文字山[366m],福岡,,7,664,04:29,－,－,－
2025-11-06,🚲,サイクリング,島根県吉賀町北部サイクリング,https://yamap.com/activities/44138676,https://drive.google.com/file/d/1-cw_T9fmamstSIXpkNQyk1f2QAJRy_q7/view?usp=drivesdk,大蛇ケ池、深谷大橋、長瀬峡、林道「河津折元線」、ねむの木、林道「安蔵寺線」,島根,,94,"1,781",07:55,ロード,ORBEA,ORCA M30iLTD PWR
2025-11-08,🏔,登山,愛宕山・雨乞山・御伊勢山,https://yamap.com/activities/44164622,https://drive.google.com/file/d/1DC_MtVNFk5ShfYM7FOuv_X-4mbT2U9g4/view?usp=drivesdk,愛宕山[160m]、雨乞山[180m]、御伊勢山[183m],山口,,3,306,02:32,－,－,－
2025-11-10,🚲,サイクリング,周南周辺ダム湖巡り,https://yamap.com/activities/44234589,https://drive.google.com/file/d/1_PrL17BgUTNDKqTMUGn0Fio-aWh2qMfa/view?usp=drivesdk,米泉湖、清流の里、中須の棚田、菅野湖、宇宙の駅、漢陽寺、高瀬湖,山口,,96,"1,582",07:55,ロード,ORBEA,ORCA M30iLTD PWR
2025-11-12,🏔,登山,恐羅漢山・旧羅漢山,https://yamap.com/activities/44252518,https://drive.google.com/file/d/12Ix0f31klrjIN5emag6XKA1sf490ogfc/view?usp=drivesdk,恐羅漢山[1346m]、旧羅漢山[1334m],山口,,7,536,02:59,－,－,－
2025-11-12,🏔,登山,深入山,https://yamap.com/activities/44258571,https://drive.google.com/file/d/1Gz-1jyXhtvvsLFKjdsMX8RY19txinURR/view?usp=drivesdk,深入山[1153m],広島,,4,379,02:20,－,－,－
2025-11-13,🚶,ウォーキング,三段峡,https://yamap.com/activities/44269704,https://drive.google.com/file/d/13seh3bKUXLq1n3pedddc4_5JkW9eKV4J/view?usp=drivesdk,三段峡,広島,🍁,6,395,02:44,－,－,－
2025-11-13,🏔,登山,岩倉山・高山・雲月山,https://yamap.com/activities/44272396,https://drive.google.com/file/d/10la9sUGIN-4_-hu1yse-XPsGvke8im1A/view?usp=drivesdk,岩倉山[880m]、高山[880m]、雲月山[911m],広島,,4,274,01:27,－,－,－
2025-11-14,🏔,登山,弥山,https://yamap.com/activities/44281154,https://drive.google.com/file/d/1uAcRMTCRDiOpYJZvzNif-aCJM0A9VH3l/view?usp=drivesdk,弥山[535m]、大聖院、厳島神社,広島,,9,633,04:52,－,－,－
2025-11-14,🚶,ウォーキング,錦帯橋,https://yamap.com/activities/44289367,https://drive.google.com/file/d/1YaiHnjR5-fPSmT5XwLzFt4YOZU1w1gCd/view?usp=drivesdk,錦帯橋,山口,🍁,5,244,02:42,－,－,－
2025-11-15,🚲,サイクリング,岩国市錦町,https://yamap.com/activities/44338827,https://drive.google.com/file/d/1C_EaO8iZ96OJgVVnTVZRaxSFIGEan6dD/view?usp=drivesdk,道の駅「ピュアラインにしき」、とことこトレイン、木谷峡,山口,🍁,42,464,05:29,ロード,ORBEA,ORCA M30iLTD PWR
2025-11-19,🚲,サイクリング,山口市紅葉,https://yamap.com/activities/44434290,https://drive.google.com/file/d/1NHLQpAj4RP983WHtREBcOaW8g6eZXHhU/view?usp=drivesdk,龍福寺、龍蔵寺、瑠璃光寺、菜香亭、常栄寺,山口,🍁,29,324,04:31,クロス,DE ROSA,TEAM
2025-11-21,🚲,サイクリング,宇部市紅葉,https://yamap.com/activities/44459330,https://drive.google.com/file/d/1Gxpr4Tma_CGX00Z5UgAJ4iizOMdzYv0I/view?usp=drivesdk,来迎寺、江汐公園、宗隣寺庭園,山口,🍁,69,573,07:45,ロード,Cannondale,CAAD12
2025-11-27,🚲,サイクリング,防府市紅葉,https://yamap.com/activities/44628027,https://drive.google.com/file/d/1TbZpXY-hFVI6WXs0zerZXSEDRpYSpEVT/view?usp=drivesdk,防府天満宮、芳松庵、毛利博物館,山口,🍁,10,118,03:49,小径車,r&m,BD-1
2025-11-28,🚶,ウォーキング,下関市城下町長府,https://yamap.com/activities/44639536,https://drive.google.com/file/d/1Pz7SDf8t0SDBCUef-S4jaVP8-Vny8twZ/view?usp=drivesdk,長府庭園、城下町長府、功山寺、長府毛利邸、東行庵,山口,🍁,3,40,00:59,－,－,－
2025-11-29,🚲,イベント,うべサイクルカップ2025,https://yamap.com/activities/44744451,https://drive.google.com/file/d/1sv4D0WnoaLJBmbzrIZ0w81DTnm1kAXUA/view?usp=drivesdk,UBE三菱セメント宇部伊佐専用道路,山口,,22,210,01:01,ロード,ORBEA,ORCA M30iLTD PWR
2025-11-30,🚲,サイクリング,築城基地航空祭,https://yamap.com/activities/44744622,https://drive.google.com/file/d/1JtCZQ_MCnYicKkqzMDDiJNkeq65T06VA/view?usp=drivesdk,築城基地,福岡,航空祭,30,131,09:00,ロード,Cannondale,Topstone 3L
2025-12-10,🚲,グラベル,萩往還,https://yamap.com/activities/44902137,https://drive.google.com/file/d/1FOh3g1Vsj4IhbzAfHXcfiTnCGgC_DBxL/view?usp=drivesdk,萩往還,山口,,126,"1,606",11:03,ロード,Cannondale,Topstone 3L
2025-12-13,🏔,登山,西目山,https://yamap.com/activities/44928700,https://drive.google.com/file/d/1gzNRmTtl6cwKvxUYsmYeOjZ7HKp2dnOC/view?usp=drivesdk,西目山[312m],山口,,2,246,01:47,－,－,－
2025-12-18,🚲,サイクリング,宗像・大島一周,https://yamap.com/activities/45014135,https://drive.google.com/file/d/1eOl4Tw3axcAbCqZ5WZ3k4ysb7scS16U3/view?usp=drivesdk,宗像、大島,福岡,島,42,474,07:11,ロード,PINARELLO,X1
2025-12-19,🚲,サイクリング,遠賀・宗像,https://yamap.com/activities/45027958,https://drive.google.com/file/d/14bcYS7RtNSM-adUg_7pz7pl-NH75INrr/view?usp=drivesdk,芦屋海浜公園、リンリンクラブ岡垣、道の駅「むなかた」、宮地嶽神社、赤馬館、くぬぎ原峠[160m]、洞山、芦屋釜の里,福岡,,72,468,06:12,ロード,PINARELLO,X1
2025-12-23,🚲,サイクリング,小倉南,https://yamap.com/activities/45094416,https://drive.google.com/file/d/1Czjd-G_aQor5zqPNLconjVa4vLNs6gsa/view?usp=drivesdk,小倉南,福岡,,92,"1,864",06:56,ロード,PINARELLO,X1
2025-12-30,🏔🚲,登山,秋吉台,https://yamap.com/activities/45221499,https://drive.google.com/file/d/1TMaCSyvGMpt3DDALS-c5KdrEmcloktG0/view?usp=drivesdk,秋吉台,山口,,19,924,05:13,ロード,Cannondale,Topstone 3L
2026-01-01,🏔🚲,登山,2026年初サイクリング＆山登り(鍋倉山),https://yamap.com/activities/45288354,https://drive.google.com/file/d/1HzYOSN-x3MeRyK43j8ovu4tkMl-nTck9/view?usp=drivesdk,鍋倉山[30m],山口,,25,147,06:15,ロード,Cannondale,CAAD12
2026-01-10,🚲,サイクリング,福岡県鞍手町から須恵町へ周回サイクリング、剣岳,https://yamap.com/activities/45473361,https://drive.google.com/file/d/1ZvB-Q4Hmc-w2VXsLvjfK2RscfIDHfJ1B/view?usp=drivesdk,笠置峠[170m]、林道「龍王線」、林道「第2龍王線」、力丸ダム湖、剣山[126m],福岡,,95,"1,814",07:15,ロード,PINARELLO,X1
2026-01-12,🚲,グラベル,男山,https://yamap.com/activities/45532706,https://drive.google.com/file/d/1b_6HXXCorh4yqpaW5W1xf_MgfNZHmrl_/view?usp=drivesdk,男山[232m]、観音岳[161m],山口,,31,579,04:26,ロード,Cannondale,Topstone 3L
2026-01-25,🚲,グラベル,林道「木戸峠線」,https://yamap.com/activities/45787668,https://drive.google.com/file/d/1rahnCOP17mArOhzZoCbKBg2Eh4cJ3apH/view?usp=drivesdk,林道「木戸峠線」,山口,,18,364,01:48,ロード,Cannondale,Topstone 3L
2026-01-31,🚲,サイクリング,小野湖,https://yamap.com/activities/45878501,https://drive.google.com/file/d/16mQvqHSOOGbSzkPVDhUd1a-8xbTbSJYi/view?usp=drivesdk,小野湖、大棚駅跡、宇部新川駅,山口,,74,768,04:55,ロード,PINARELLO,X1
2026-02-01,🏔,登山,十種ヶ峰（長門富士）,https://yamap.com/activities/45892255,https://drive.google.com/file/d/1WR5f_CX60pDWm-SxJRtCwnWp4Ymm9Mfd/view?usp=drivesdk,十種ヶ峰[989m],山口,,6,615,02:25,－,－,－
2026-02-07,🏔🚲,登山,秋穂の低山巡り,https://yamap.com/activities/46007669,https://drive.google.com/file/d/1WQJU59JeP13Rcp7wNVwiaacTBOz_6e72/view?usp=drivesdk,道の駅「きららあじす」、藤尾山[64m]、臼美歩道、草山[116m]、小浜山[182m],山口,,64,980,06:20,ロード,Cannondale,CAAD12
2026-02-15,🏔🚲,登山,平原岳・飯盛山・禅定寺山・禅定寺（東峰）・雨乞山,https://yamap.com/activities/46158474,https://drive.google.com/file/d/16uOAPgIAMIjAhIMxPy4sMMEJlu-zgBSm/view?usp=drivesdk,平原岳[395m]、飯盛山[360m]、禅定寺山[392m]、禅定寺（東峰）、雨乞山[258m],山口,,21,"1,104",04:42,ロード,PINARELLO,X1
2026-02-22,🏔,登山,山焼き後の秋吉台,https://yamap.com/activities/46310167,https://drive.google.com/file/d/1tirrlGeLDiT4mn6XeaHTnLpTXDcdZU5L/view?usp=drivesdk,秋吉台,山口,,8,445,03:09,－,－,－
2026-02-23,🚲,サイクリング,早春の上関,https://yamap.com/activities/46391298,https://drive.google.com/file/d/1uz2XobVJ_KW3i0vjaGmIG_Ah2isVDt5a/view?usp=drivesdk,上関、上関城山歴史公園、上盛山[314m],山口,🌸,77,"1,076",06:41,ロード,ORBEA,ORCA M30iLTD PWR
2026-02-28,🚶,ウォーキング,防府天満宮,https://yamap.com/activities/46450897,https://drive.google.com/file/d/1HNhpaEQU7jy7s3znCMSGxu7C6cU08xlF/view?usp=drivesdk,防府天満宮,山口,💮,1,34,00:44,－,－,－
2026-03-01,🚲,サイクリング,角島,https://yamap.com/activities/46509630,https://drive.google.com/file/d/1WXKHA-YmE3Tti_YIA0e4AmSXalyDIe_V/view?usp=drivesdk,角島,山口,島,61,856,03:29,ロード,PINARELLO,X1
2026-03-08,🚲,サイクリング,能古島・糸島、立石山登山,https://yamap.com/activities/46638527,https://drive.google.com/file/d/1GoEmM3Q22XcQoE5xySD22HUP4f1kdk70/view?usp=drivesdk,能古島、立石山[210m],福岡,島,88,651,07:42,ロード,PINARELLO,X1
2026-03-14,🚲,グラベル,深坂自然の森サイクリング,https://yamap.com/activities/46747898,https://drive.google.com/file/d/1JhZ6RXI8Nj2QSP-xKW9pYO2BVy7898X2/view?usp=drivesdk,深坂自然の森,山口,,6,221,00:42,ロード,Cannondale,Topstone 3L
2026-03-21,🏔🚲,登山,一目山・みそこぶし山・女岳・涌蓋山,https://yamap.com/activities/46891367,https://drive.google.com/file/d/18MSqAw1vOggG2QFtRKSsozQiOd3bS_uo/view?usp=drivesdk,一目山[1287m]、みそこぶし山[1299m]、女岳[1425m]、涌蓋山[1500m],大分,,17,"1,034",05:32,ロード,PINARELLO,X1
2026-03-22,🏔🚲,登山,泉水山・上泉水山・黒岩山,https://yamap.com/activities/46935187,https://drive.google.com/file/d/1LHaEJFnImH1D6Ur8tOEbNih8TM5rVi_9/view?usp=drivesdk,泉水山[1296m]、上泉水山[1447m]、黒岩山[1503m],大分,,7,585,02:27,ロード,PINARELLO,X1
2026-03-28,🏔,登山,荒滝山・日ノ岳,https://yamap.com/activities/47045122,https://drive.google.com/file/d/16s3UqzyiZ0Yc7Y_VUZEB3obAtWh1xRyK/view?usp=drivesdk,荒滝山[459m]、日ノ岳[459m],山口,,6,601,02:16,－,－,－
2026-03-29,🚶,ウォーキング,一の坂川,https://yamap.com/activities/47084692,https://drive.google.com/file/d/1jFea9GioluuYGE8LjOhcqASxJ72EIwHH/view?usp=drivesdk,一の坂川、瑠璃光寺、常栄寺雪舟庭,山口,🌸,2,16,01:11,－,－,－
2026-04-25,🏔,登山,津和野城跡,https://yamap.com/activities/47672844,https://drive.google.com/file/d/1TnqDxpUe5LApjrcaQSPP6TGSO62JMUWG/view?usp=drivesdk,津和野城跡、太皷谷稲成神社、津和野,島根,,8,305,03:08,－,－,－
2026-04-25,🚲,サイクリング,津和野周辺,https://yamap.com/activities/47721099,https://drive.google.com/file/d/1hNoob-g_2bhbaVC8c6ypxxSPEfPooPOL/view?usp=drivesdk,津和野,島根,,38,443,02:12,ロード,PINARELLO,X1
2026-05-02,🏔,登山,韓国岳,https://yamap.com/activities/47873584,https://drive.google.com/file/d/1xOVOCPFhrwRKIEaW08SRm-f9M60f97Hb/view?usp=drivesdk,韓国岳[1700m],宮崎、鹿児島,,6,558,03:20,－,－,－
2026-05-02,🚲,サイクリング,えびの高原,https://yamap.com/activities/47959698,https://drive.google.com/file/d/1ZCXIDcuYQ6YWfa8WjCBCO3RYRvzekeD8/view?usp=drivesdk,えびの高原,宮崎,,30,760,03:32,ロード,PINARELLO,X1
2026-05-03,🚶,ウォーキング,東霧島神社,https://yamap.com/activities/47933652,https://drive.google.com/file/d/1zK82VxuxATvfcEtyrkRxPt7d_TnbCDoN/view?usp=drivesdk,東霧島神社,宮崎,,1,42,00:43,－,－,－
2026-05-04,🏔,登山,高千穂峰,https://yamap.com/activities/47977237,https://drive.google.com/file/d/1Lq-qrzX6v9wIoVuV-fxOcnSPf64PMu4j/view?usp=drivesdk,高千穂峰[1574m],宮崎,,5,639,03:21,－,－,－
2026-05-05,🏔,登山,俵山,https://yamap.com/activities/48077876,https://drive.google.com/file/d/1PNdgRwtjAj2JRT9s9zjw8jD1jAtrHSBZ/view?usp=drivesdk,俵山[1095m],熊本,,6,488,02:42,－,－,－
2026-05-05,🚲,サイクリング,高千穂峡,https://yamap.com/activities/48209448,https://drive.google.com/file/d/1Dpvx9kQPtQxmdbh9vVxTJvoqVVbU6fIy/view?usp=drivesdk,高千穂峡,宮崎,,7,212,02:11,ロード,PINARELLO,X1
2026-05-09,🚲,サイクリング,津和野から須佐,https://yamap.com/activities/48243611,https://drive.google.com/file/d/1qraWVsM_BMg26X6tAoUZMYRImqcdBt1m/view?usp=drivesdk,須佐のホルンフェルス、道の駅「うり坊の郷、津和野,島根、山口,,88,"1,202",06:05,ロード,ORBEA,ORCA M30iLTD PWR
2026-05-16,🚲,サイクリング,島根県吉賀町,https://yamap.com/activities/48398786,https://drive.google.com/file/d/1ClHIg7MkwFkEXcQqMt6yaN6faYPSJs3w/view?usp=drivesdk,幹線林道「波佐・阿武線」,島根、山口,,103,"1,653",07:44,ロード,PINARELLO,X1
2026-05-17,🚶,ウォーキング,山口宇部空港,https://yamap.com/activities/48423045,https://drive.google.com/file/d/1hgpM8XXnF3DlfS-db9Ajgg6A3mV9b2p6/view?usp=drivesdk,山口宇部空港,山口,,2,3,01:55,－,－,－
2026-05-23,🚲,サイクリング,羅漢山周辺,https://yamap.com/activities/48576878,https://drive.google.com/file/d/1O5EIMrnPWcWi_SB1UZofd6a_4uEA72xN/view?usp=drivesdk,松の木峠[776m]、秋掛往還道、道の駅「ピュアラインにしき」,島根、広島、山口,,92,"1,413",06:22,ロード,PINARELLO,X1
2026-05-30,🏔🚲,登山,平治岳,https://yamap.com/activities/48755606,https://drive.google.com/file/d/1qV6PpRvl7SUxeofx88CDSQAhG1liamAk/view?usp=drivesdk,男池駐車場、平治岳[1643m]、坊ガツル、諏蛾守越、曲駐車場、男池駐車場,大分,,21,"1,342",08:20,ロード,PINARELLO,X1
2026-06-06,🚲,サイクリング,周南奥地,https://yamap.com/activities/48929582,https://drive.google.com/file/d/1OAliwRqA20MQkw-dewvYFSpbPPfI0Uoo/view?usp=drivesdk,中須北地区、道の駅「ピュアラインにしき」、宇宙の駅,山口,,83,"1,235",07:08,ロード,ORBEA,ORCA M30iLTD PWR
2026-06-13,🚲,サイクリング,英彦山・八丁峠,https://yamap.com/activities/49084513,https://drive.google.com/file/d/1NwR1TTEDx1dcl5tv5uyHdr2z4VRkUAjQ/view?usp=drivesdk,英彦山[1199m]、秋月湖、八丁峠[525m],福岡,,120,"2,144",09:16,ロード,ORBEA,ORCA M30iLTD PWR
2026-06-21,🚲,サイクリング,香春町低山,https://yamap.com/activities/49267036,https://drive.google.com/file/d/171RN5PgfyCTil8D2OuYPeMkz5OkmkPIN/view?usp=drivesdk,馬ヶ岳[216m]、障子ヶ岳[427m],福岡,,41,462,05:13,ロード,ORBEA,ORCA M30iLTD PWR
2026-06-28,🚲,サイクリング,津和野町日原周辺,https://yamap.com/activities/49368130,https://drive.google.com/file/d/168iVzsL8AvfuZkvbhmcs8kgh6-ygTPPa/view?usp=drivesdk,左鎧、林道「三子山線」,島根,,50,725,03:30,ロード,ORBEA,ORCA M30iLTD PWR
2026-07-09,🏔,登山,天狗塚,https://yamap.com/activities/49543927,https://drive.google.com/file/d/1_JizHVHpeqbVVLZuwRnuETmnOPluOe73/view?usp=drivesdk,天狗塚[1812m],徳島,,7,830,04:29,－,－,－
2026-07-10,🚲,サイクリング,UFOライン,https://yamap.com/activities/49580047,https://drive.google.com/file/d/17RoBSrzJki9MYVd53Cfkqz5-bQ6xMfst/view?usp=drivesdk,道の駅「 木の香」、瓶ヶ森林道、UFOライン、吉野川源流の碑[1668m],愛媛、高知,,53,"1,357",04:36,ロード,PINARELLO,X1
2026-07-24,🏔,登山,深入山,https://yamap.com/activities/49929516,https://drive.google.com/file/d/1XADjvQM2DlxMR0j2z1lTvu9z3VWs8CdN/view?usp=drivesdk,深入山[1153m],広島,,4,348,01:51,－,－,－
2026-07-25,🚲,グラベル,聖湖周辺,https://yamap.com/activities/50003232,https://drive.google.com/file/d/19S9Q0thWCUa3RUAzAA52E7hp8McgfpwS/view?usp=drivesdk,聖湖、八幡高原、浸命水,広島,,26,290,02:03,ロード,Cannondale,Topstone 3L
,,,,,,,,,,,,,,
